,M,X,Pretty Formula,predicted_structure,probability,Parent formula,parent_structure,In DB?,Prediction
0,H1+,F1-,HF,"F1- H1+
1.0
6.160672 6.203084 0.0
-6.160672 6.203084 0.0
0.0 6.154826 7.71509
F H
8 8
Cartesian
-0.01806309030399955 9.417735994891999 0.1819989731 F1-
-0.018063090303999996 6.065845005108 3.6755460269 F1-
0.018063090303999996 9.143258005107999 7.5330910269 F1-
0.01806309030399955 12.495148994891998 4.0395439731 F1-
3.209901092832 12.394866810469999 7.68750855325 F1-
3.209901092832 9.24354018953 3.8851264467499997 F1-
-3.209901092832 6.166127189529999 0.027581446750000002 F1-
-3.209901092832 9.317453810469999 3.8299635532500003 F1-
-1.2116871296319998 8.300003612148 0.15501158828 H1+
-1.2116871296320002 7.183577387852 3.70253341172 H1+
1.2116871296320002 10.260990387852 7.56007841172 H1+
1.2116871296319998 11.377416612148 4.01255658828 H1+
2.0731215740480002 13.569911208130002 7.70628708231 H1+
2.073121574048 8.06849579187 3.8663479176899997 H1+
-2.073121574048 4.99108279187 0.00880291769 H1+
-2.0731215740480002 10.492498208130002 3.84874208231 H1+
",0.00986617443171969,HI,"H1+ I1-
1.0
6.160672 6.203084 0.0
-6.160672 6.203084 0.0
0.0 6.154826 7.71509
H I
8 8
Cartesian
-1.2116871296319998 8.300003612148 0.15501158828 H1+
-1.2116871296320002 7.183577387852 3.70253341172 H1+
1.2116871296320002 10.260990387852 7.56007841172 H1+
1.2116871296319998 11.377416612148 4.01255658828 H1+
2.0731215740480002 13.569911208130002 7.70628708231 H1+
2.073121574048 8.06849579187 3.8663479176899997 H1+
-2.073121574048 4.99108279187 0.00880291769 H1+
-2.0731215740480002 10.492498208130002 3.84874208231 H1+
-0.01806309030399955 9.417735994891999 0.1819989731 I1-
-0.018063090303999996 6.065845005108 3.6755460269 I1-
0.018063090303999996 9.143258005107999 7.5330910269 I1-
0.01806309030399955 12.495148994891998 4.0395439731 I1-
3.209901092832 12.394866810469999 7.68750855325 I1-
3.209901092832 9.24354018953 3.8851264467499997 I1-
-3.209901092832 6.166127189529999 0.027581446750000002 I1-
-3.209901092832 9.317453810469999 3.8299635532500003 I1-
",Yes,Incorrect
1,H1+,Cl1-,HCl,"Cl1- H1+
1.0
6.160672 6.203084 0.0
-6.160672 6.203084 0.0
0.0 6.154826 7.71509
Cl H
8 8
Cartesian
-0.01806309030399955 9.417735994891999 0.1819989731 Cl1-
-0.018063090303999996 6.065845005108 3.6755460269 Cl1-
0.018063090303999996 9.143258005107999 7.5330910269 Cl1-
0.01806309030399955 12.495148994891998 4.0395439731 Cl1-
3.209901092832 12.394866810469999 7.68750855325 Cl1-
3.209901092832 9.24354018953 3.8851264467499997 Cl1-
-3.209901092832 6.166127189529999 0.027581446750000002 Cl1-
-3.209901092832 9.317453810469999 3.8299635532500003 Cl1-
-1.2116871296319998 8.300003612148 0.15501158828 H1+
-1.2116871296320002 7.183577387852 3.70253341172 H1+
1.2116871296320002 10.260990387852 7.56007841172 H1+
1.2116871296319998 11.377416612148 4.01255658828 H1+
2.0731215740480002 13.569911208130002 7.70628708231 H1+
2.073121574048 8.06849579187 3.8663479176899997 H1+
-2.073121574048 4.99108279187 0.00880291769 H1+
-2.0731215740480002 10.492498208130002 3.84874208231 H1+
",0.01086467162401704,HI,"H1+ I1-
1.0
6.160672 6.203084 0.0
-6.160672 6.203084 0.0
0.0 6.154826 7.71509
H I
8 8
Cartesian
-1.2116871296319998 8.300003612148 0.15501158828 H1+
-1.2116871296320002 7.183577387852 3.70253341172 H1+
1.2116871296320002 10.260990387852 7.56007841172 H1+
1.2116871296319998 11.377416612148 4.01255658828 H1+
2.0731215740480002 13.569911208130002 7.70628708231 H1+
2.073121574048 8.06849579187 3.8663479176899997 H1+
-2.073121574048 4.99108279187 0.00880291769 H1+
-2.0731215740480002 10.492498208130002 3.84874208231 H1+
-0.01806309030399955 9.417735994891999 0.1819989731 I1-
-0.018063090303999996 6.065845005108 3.6755460269 I1-
0.018063090303999996 9.143258005107999 7.5330910269 I1-
0.01806309030399955 12.495148994891998 4.0395439731 I1-
3.209901092832 12.394866810469999 7.68750855325 I1-
3.209901092832 9.24354018953 3.8851264467499997 I1-
-3.209901092832 6.166127189529999 0.027581446750000002 I1-
-3.209901092832 9.317453810469999 3.8299635532500003 I1-
",Yes,Incorrect
2,H1+,Br1-,HBr,"Br1- H1+
1.0
6.160672 6.203084 0.0
-6.160672 6.203084 0.0
0.0 6.154826 7.71509
Br H
8 8
Cartesian
-0.01806309030399955 9.417735994891999 0.1819989731 Br1-
-0.018063090303999996 6.065845005108 3.6755460269 Br1-
0.018063090303999996 9.143258005107999 7.5330910269 Br1-
0.01806309030399955 12.495148994891998 4.0395439731 Br1-
3.209901092832 12.394866810469999 7.68750855325 Br1-
3.209901092832 9.24354018953 3.8851264467499997 Br1-
-3.209901092832 6.166127189529999 0.027581446750000002 Br1-
-3.209901092832 9.317453810469999 3.8299635532500003 Br1-
-1.2116871296319998 8.300003612148 0.15501158828 H1+
-1.2116871296320002 7.183577387852 3.70253341172 H1+
1.2116871296320002 10.260990387852 7.56007841172 H1+
1.2116871296319998 11.377416612148 4.01255658828 H1+
2.0731215740480002 13.569911208130002 7.70628708231 H1+
2.073121574048 8.06849579187 3.8663479176899997 H1+
-2.073121574048 4.99108279187 0.00880291769 H1+
-2.0731215740480002 10.492498208130002 3.84874208231 H1+
",0.011018810265270745,HI,"H1+ I1-
1.0
6.160672 6.203084 0.0
-6.160672 6.203084 0.0
0.0 6.154826 7.71509
H I
8 8
Cartesian
-1.2116871296319998 8.300003612148 0.15501158828 H1+
-1.2116871296320002 7.183577387852 3.70253341172 H1+
1.2116871296320002 10.260990387852 7.56007841172 H1+
1.2116871296319998 11.377416612148 4.01255658828 H1+
2.0731215740480002 13.569911208130002 7.70628708231 H1+
2.073121574048 8.06849579187 3.8663479176899997 H1+
-2.073121574048 4.99108279187 0.00880291769 H1+
-2.0731215740480002 10.492498208130002 3.84874208231 H1+
-0.01806309030399955 9.417735994891999 0.1819989731 I1-
-0.018063090303999996 6.065845005108 3.6755460269 I1-
0.018063090303999996 9.143258005107999 7.5330910269 I1-
0.01806309030399955 12.495148994891998 4.0395439731 I1-
3.209901092832 12.394866810469999 7.68750855325 I1-
3.209901092832 9.24354018953 3.8851264467499997 I1-
-3.209901092832 6.166127189529999 0.027581446750000002 I1-
-3.209901092832 9.317453810469999 3.8299635532500003 I1-
",Yes,Incorrect
3,H1+,I1-,HI,"H1+ I1-
1.0
2.785687 -3.663721 0.0
2.785687 3.663721 0.0
0.0 0.0 5.540272
H I
2 2
Cartesian
0.32907320530999995 0.0 3.8173305120800003 H1+
5.242300794689999 0.0 1.04719451208 H1+
1.2976844320799998 0.0 2.71465017592 I1-
4.27368956792 0.0 5.48478617592 I1-
",0.01015424111890689,HBr,"Br1- H1+
1.0
2.785687 -3.663721 0.0
2.785687 3.663721 0.0
0.0 0.0 5.540272
Br H
2 2
Cartesian
1.2976844320799998 0.0 2.71465017592 Br1-
4.27368956792 0.0 5.48478617592 Br1-
0.32907320530999995 0.0 3.8173305120800003 H1+
5.242300794689999 0.0 1.04719451208 H1+
",Yes,Incorrect
4,Li1+,F1-,LiF,"F1- Li1+
1.0
2.283037 -3.954335 0.0
2.283037 3.954335 0.0
0.0 0.0 7.423565
F Li
2 2
Cartesian
2.283037 1.3181143028900002 2.787244291335 F1-
2.283037 -1.3181143028900002 6.499026791335 F1-
2.283037 1.3181143028900002 7.4201575836650004 Li1+
2.283037 -1.3181143028900002 3.708375083665 Li1+
",0.00986617443171969,LiI,"I1- Li1+
1.0
2.283037 -3.954335 0.0
2.283037 3.954335 0.0
0.0 0.0 7.423565
I Li
2 2
Cartesian
2.283037 1.3181143028900002 2.787244291335 I1-
2.283037 -1.3181143028900002 6.499026791335 I1-
2.283037 1.3181143028900002 7.4201575836650004 Li1+
2.283037 -1.3181143028900002 3.708375083665 Li1+
",Yes,Incorrect
5,Li1+,Cl1-,LiCl,"Cl1- Li1+
1.0
2.283037 -3.954335 0.0
2.283037 3.954335 0.0
0.0 0.0 7.423565
Cl Li
2 2
Cartesian
2.283037 1.3181143028900002 2.787244291335 Cl1-
2.283037 -1.3181143028900002 6.499026791335 Cl1-
2.283037 1.3181143028900002 7.4201575836650004 Li1+
2.283037 -1.3181143028900002 3.708375083665 Li1+
",0.01086467162401704,LiI,"I1- Li1+
1.0
2.283037 -3.954335 0.0
2.283037 3.954335 0.0
0.0 0.0 7.423565
I Li
2 2
Cartesian
2.283037 1.3181143028900002 2.787244291335 I1-
2.283037 -1.3181143028900002 6.499026791335 I1-
2.283037 1.3181143028900002 7.4201575836650004 Li1+
2.283037 -1.3181143028900002 3.708375083665 Li1+
",Yes,Incorrect
6,Li1+,Br1-,LiBr,"Br1- Li1+
1.0
2.283037 -3.954335 0.0
2.283037 3.954335 0.0
0.0 0.0 7.423565
Br Li
2 2
Cartesian
2.283037 1.3181143028900002 2.787244291335 Br1-
2.283037 -1.3181143028900002 6.499026791335 Br1-
2.283037 1.3181143028900002 7.4201575836650004 Li1+
2.283037 -1.3181143028900002 3.708375083665 Li1+
",0.011018810265270745,LiI,"I1- Li1+
1.0
2.283037 -3.954335 0.0
2.283037 3.954335 0.0
0.0 0.0 7.423565
I Li
2 2
Cartesian
2.283037 1.3181143028900002 2.787244291335 I1-
2.283037 -1.3181143028900002 6.499026791335 I1-
2.283037 1.3181143028900002 7.4201575836650004 Li1+
2.283037 -1.3181143028900002 3.708375083665 Li1+
",Yes,Incorrect
7,Li1+,I1-,LiI,"I1- Li1+
1.0
0.0 2.756714 2.756714
2.756714 0.0 2.756714
2.756714 2.756714 0.0
I Li
1 1
Cartesian
2.756714 2.756714 2.756714 I1-
0.0 0.0 0.0 Li1+
",0.01015424111890689,LiBr,"Br1- Li1+
1.0
0.0 2.756714 2.756714
2.756714 0.0 2.756714
2.756714 2.756714 0.0
Br Li
1 1
Cartesian
2.756714 2.756714 2.756714 Br1-
0.0 0.0 0.0 Li1+
",Yes,Incorrect
8,Be2+,O2-,BeO,"Be2+ O2-
1.0
0.0 2.83364 2.83364
2.83364 0.0 2.83364
2.83364 2.83364 0.0
Be O
1 1
Cartesian
0.0 0.0 0.0 Be2+
1.41682 1.41682 1.41682 O2-
",0.010071864031350401,BeTe,"Be2+ Te2-
1.0
0.0 2.83364 2.83364
2.83364 0.0 2.83364
2.83364 2.83364 0.0
Be Te
1 1
Cartesian
0.0 0.0 0.0 Be2+
1.41682 1.41682 1.41682 Te2-
",Yes,Incorrect
9,Be2+,S2-,BeS,"Be2+ S2-
1.0
0.0 2.83364 2.83364
2.83364 0.0 2.83364
2.83364 2.83364 0.0
Be S
1 1
Cartesian
0.0 0.0 0.0 Be2+
1.41682 1.41682 1.41682 S2-
",0.010930314171398395,BeTe,"Be2+ Te2-
1.0
0.0 2.83364 2.83364
2.83364 0.0 2.83364
2.83364 2.83364 0.0
Be Te
1 1
Cartesian
0.0 0.0 0.0 Be2+
1.41682 1.41682 1.41682 Te2-
",Yes,Correct
10,Be2+,Se2-,BeSe,"Be2+ Se2-
1.0
0.0 2.83364 2.83364
2.83364 0.0 2.83364
2.83364 2.83364 0.0
Be Se
1 1
Cartesian
0.0 0.0 0.0 Be2+
1.41682 1.41682 1.41682 Se2-
",0.011068046026232948,BeTe,"Be2+ Te2-
1.0
0.0 2.83364 2.83364
2.83364 0.0 2.83364
2.83364 2.83364 0.0
Be Te
1 1
Cartesian
0.0 0.0 0.0 Be2+
1.41682 1.41682 1.41682 Te2-
",Yes,Correct
11,Be2+,Te2-,BeTe,"Be2+ Te2-
1.0
0.0 2.59188 2.59188
2.59188 0.0 2.59188
2.59188 2.59188 0.0
Be Te
1 1
Cartesian
0.0 0.0 0.0 Be2+
3.8878200000000005 3.8878200000000005 3.8878200000000005 Te2-
",0.010224428033381387,BeSe,"Be2+ Se2-
1.0
0.0 2.59188 2.59188
2.59188 0.0 2.59188
2.59188 2.59188 0.0
Be Se
1 1
Cartesian
0.0 0.0 0.0 Be2+
3.8878200000000005 3.8878200000000005 3.8878200000000005 Se2-
",Yes,Correct
12,B3+,N3-,BN,"B3+ N3-
1.0
1.564294 -2.709437 0.0
1.564294 2.709437 0.0
0.0 0.0 5.016955
B N
2 2
Cartesian
1.5642940000000003 -0.903147472958 2.504900411085 B3+
1.5642940000000003 0.903147472958 5.0133779110850005 B3+
1.5642940000000003 -0.903147472958 4.418497488915 N3-
1.5642940000000003 0.903147472958 1.9100199889150002 N3-
",0.008738390447846535,AlN,"Al3+ N3-
1.0
1.564294 -2.709437 0.0
1.564294 2.709437 0.0
0.0 0.0 5.016955
Al N
2 2
Cartesian
1.5642940000000003 -0.903147472958 2.504900411085 Al3+
1.5642940000000003 0.903147472958 5.0133779110850005 Al3+
1.5642940000000003 -0.903147472958 4.418497488915 N3-
1.5642940000000003 0.903147472958 1.9100199889150002 N3-
",Yes,Incorrect
13,Na1+,F1-,NaF,"F1- Na1+
1.0
0.0 3.265998 3.265998
3.265998 0.0 3.265998
3.265998 3.265998 0.0
F Na
1 1
Cartesian
3.265998 3.265998 3.265998 F1-
0.0 0.0 0.0 Na1+
",0.00986617443171969,NaI,"I1- Na1+
1.0
0.0 3.265998 3.265998
3.265998 0.0 3.265998
3.265998 3.265998 0.0
I Na
1 1
Cartesian
3.265998 3.265998 3.265998 I1-
0.0 0.0 0.0 Na1+
",Yes,Correct
14,Na1+,Cl1-,NaCl,"Cl1- Na1+
1.0
0.0 3.265998 3.265998
3.265998 0.0 3.265998
3.265998 3.265998 0.0
Cl Na
1 1
Cartesian
3.265998 3.265998 3.265998 Cl1-
0.0 0.0 0.0 Na1+
",0.01086467162401704,NaI,"I1- Na1+
1.0
0.0 3.265998 3.265998
3.265998 0.0 3.265998
3.265998 3.265998 0.0
I Na
1 1
Cartesian
3.265998 3.265998 3.265998 I1-
0.0 0.0 0.0 Na1+
",Yes,Correct
15,Na1+,Br1-,NaBr,"Br1- Na1+
1.0
0.0 3.265998 3.265998
3.265998 0.0 3.265998
3.265998 3.265998 0.0
Br Na
1 1
Cartesian
3.265998 3.265998 3.265998 Br1-
0.0 0.0 0.0 Na1+
",0.011018810265270745,NaI,"I1- Na1+
1.0
0.0 3.265998 3.265998
3.265998 0.0 3.265998
3.265998 3.265998 0.0
I Na
1 1
Cartesian
3.265998 3.265998 3.265998 I1-
0.0 0.0 0.0 Na1+
",Yes,Correct
16,Na1+,I1-,NaI,"I1- Na1+
1.0
0.0 3.013798 3.013798
3.013798 0.0 3.013798
3.013798 3.013798 0.0
I Na
1 1
Cartesian
3.013798 3.013798 3.013798 I1-
0.0 0.0 0.0 Na1+
",0.01015424111890689,NaBr,"Br1- Na1+
1.0
0.0 3.013798 3.013798
3.013798 0.0 3.013798
3.013798 3.013798 0.0
Br Na
1 1
Cartesian
3.013798 3.013798 3.013798 Br1-
0.0 0.0 0.0 Na1+
",Yes,Correct
17,Mg2+,O2-,MgO,"Mg2+ O2-
1.0
2.30544 -3.99314 0.0
2.30544 3.99314 0.0
0.0 0.0 7.509375
Mg O
2 2
Cartesian
2.30544 1.3310493287600003 7.4860283531250005 Mg2+
2.30544 -1.3310493287600003 3.7313408531250003 Mg2+
2.30544 1.3310493287600003 2.8018153968750004 O2-
2.30544 -1.3310493287600003 6.556502896875 O2-
",0.010071864031350401,MgTe,"Mg2+ Te2-
1.0
2.30544 -3.99314 0.0
2.30544 3.99314 0.0
0.0 0.0 7.509375
Mg Te
2 2
Cartesian
2.30544 1.3310493287600003 7.4860283531250005 Mg2+
2.30544 -1.3310493287600003 3.7313408531250003 Mg2+
2.30544 1.3310493287600003 2.8018153968750004 Te2-
2.30544 -1.3310493287600003 6.556502896875 Te2-
",Yes,Incorrect
18,Mg2+,S2-,MgS,"Mg2+ S2-
1.0
2.30544 -3.99314 0.0
2.30544 3.99314 0.0
0.0 0.0 7.509375
Mg S
2 2
Cartesian
2.30544 1.3310493287600003 7.4860283531250005 Mg2+
2.30544 -1.3310493287600003 3.7313408531250003 Mg2+
2.30544 1.3310493287600003 2.8018153968750004 S2-
2.30544 -1.3310493287600003 6.556502896875 S2-
",0.010930314171398395,MgTe,"Mg2+ Te2-
1.0
2.30544 -3.99314 0.0
2.30544 3.99314 0.0
0.0 0.0 7.509375
Mg Te
2 2
Cartesian
2.30544 1.3310493287600003 7.4860283531250005 Mg2+
2.30544 -1.3310493287600003 3.7313408531250003 Mg2+
2.30544 1.3310493287600003 2.8018153968750004 Te2-
2.30544 -1.3310493287600003 6.556502896875 Te2-
",Yes,Incorrect
19,Mg2+,Se2-,MgSe,"Mg2+ Se2-
1.0
2.30544 -3.99314 0.0
2.30544 3.99314 0.0
0.0 0.0 7.509375
Mg Se
2 2
Cartesian
2.30544 1.3310493287600003 7.4860283531250005 Mg2+
2.30544 -1.3310493287600003 3.7313408531250003 Mg2+
2.30544 1.3310493287600003 2.8018153968750004 Se2-
2.30544 -1.3310493287600003 6.556502896875 Se2-
",0.011068046026232948,MgTe,"Mg2+ Te2-
1.0
2.30544 -3.99314 0.0
2.30544 3.99314 0.0
0.0 0.0 7.509375
Mg Te
2 2
Cartesian
2.30544 1.3310493287600003 7.4860283531250005 Mg2+
2.30544 -1.3310493287600003 3.7313408531250003 Mg2+
2.30544 1.3310493287600003 2.8018153968750004 Te2-
2.30544 -1.3310493287600003 6.556502896875 Te2-
",Yes,Incorrect
20,Mg2+,Te2-,MgTe,"Mg2+ Te2-
1.0
0.0 3.000256 3.000256
3.000256 0.0 3.000256
3.000256 3.000256 0.0
Mg Te
1 1
Cartesian
0.0 0.0 0.0 Mg2+
1.500128 1.500128 1.500128 Te2-
",0.010224428033381387,MgSe,"Mg2+ Se2-
1.0
0.0 3.000256 3.000256
3.000256 0.0 3.000256
3.000256 3.000256 0.0
Mg Se
1 1
Cartesian
0.0 0.0 0.0 Mg2+
1.500128 1.500128 1.500128 Se2-
",Yes,Incorrect
21,Al3+,N3-,AlN,"Al3+ N3-
1.0
1.256214 -2.175827 0.0
1.256214 2.175827 0.0
0.0 0.0 7.707265
Al N
2 2
Cartesian
1.256214 0.7252771172179999 1.92681625 Al3+
1.256214 -0.7252771172179999 5.78044875 Al3+
1.256214 0.7252771172179999 5.78044875 N3-
1.256214 -0.7252771172179999 1.92681625 N3-
",0.009241661485814623,BN,"B3+ N3-
1.0
1.256214 -2.175827 0.0
1.256214 2.175827 0.0
0.0 0.0 7.707265
B N
2 2
Cartesian
1.256214 0.7252771172179999 1.92681625 B3+
1.256214 -0.7252771172179999 5.78044875 B3+
1.256214 0.7252771172179999 5.78044875 N3-
1.256214 -0.7252771172179999 1.92681625 N3-
",Yes,Incorrect
22,K1+,F1-,KF,"F1- K1+
1.0
0.0 3.592672 3.592672
3.592672 0.0 3.592672
3.592672 3.592672 0.0
F K
1 1
Cartesian
3.592672 3.592672 3.592672 F1-
0.0 0.0 0.0 K1+
",0.00986617443171969,KI,"I1- K1+
1.0
0.0 3.592672 3.592672
3.592672 0.0 3.592672
3.592672 3.592672 0.0
I K
1 1
Cartesian
3.592672 3.592672 3.592672 I1-
0.0 0.0 0.0 K1+
",Yes,Correct
23,K1+,Cl1-,KCl,"Cl1- K1+
1.0
0.0 3.592672 3.592672
3.592672 0.0 3.592672
3.592672 3.592672 0.0
Cl K
1 1
Cartesian
3.592672 3.592672 3.592672 Cl1-
0.0 0.0 0.0 K1+
",0.01086467162401704,KI,"I1- K1+
1.0
0.0 3.592672 3.592672
3.592672 0.0 3.592672
3.592672 3.592672 0.0
I K
1 1
Cartesian
3.592672 3.592672 3.592672 I1-
0.0 0.0 0.0 K1+
",Yes,Correct
24,K1+,Br1-,KBr,"Br1- K1+
1.0
0.0 3.592672 3.592672
3.592672 0.0 3.592672
3.592672 3.592672 0.0
Br K
1 1
Cartesian
3.592672 3.592672 3.592672 Br1-
0.0 0.0 0.0 K1+
",0.011018810265270745,KI,"I1- K1+
1.0
0.0 3.592672 3.592672
3.592672 0.0 3.592672
3.592672 3.592672 0.0
I K
1 1
Cartesian
3.592672 3.592672 3.592672 I1-
0.0 0.0 0.0 K1+
",Yes,Correct
25,K1+,I1-,KI,"I1- K1+
1.0
0.0 3.351538 3.351538
3.351538 0.0 3.351538
3.351538 3.351538 0.0
I K
1 1
Cartesian
3.351538 3.351538 3.351538 I1-
0.0 0.0 0.0 K1+
",0.01015424111890689,KBr,"Br1- K1+
1.0
0.0 3.351538 3.351538
3.351538 0.0 3.351538
3.351538 3.351538 0.0
Br K
1 1
Cartesian
3.351538 3.351538 3.351538 Br1-
0.0 0.0 0.0 K1+
",Yes,Correct
26,Ca2+,O2-,CaO,"Ca2+ O2-
1.0
0.0 3.198614 3.198614
3.198614 0.0 3.198614
3.198614 3.198614 0.0
Ca O
1 1
Cartesian
0.0 0.0 0.0 Ca2+
3.198614 3.198614 3.198614 O2-
",0.010071864031350401,CaTe,"Ca2+ Te2-
1.0
0.0 3.198614 3.198614
3.198614 0.0 3.198614
3.198614 3.198614 0.0
Ca Te
1 1
Cartesian
0.0 0.0 0.0 Ca2+
3.198614 3.198614 3.198614 Te2-
",Yes,Correct
27,Ca2+,S2-,CaS,"Ca2+ S2-
1.0
0.0 3.198614 3.198614
3.198614 0.0 3.198614
3.198614 3.198614 0.0
Ca S
1 1
Cartesian
0.0 0.0 0.0 Ca2+
3.198614 3.198614 3.198614 S2-
",0.010930314171398395,CaTe,"Ca2+ Te2-
1.0
0.0 3.198614 3.198614
3.198614 0.0 3.198614
3.198614 3.198614 0.0
Ca Te
1 1
Cartesian
0.0 0.0 0.0 Ca2+
3.198614 3.198614 3.198614 Te2-
",Yes,Correct
28,Ca2+,Se2-,CaSe,"Ca2+ Se2-
1.0
0.0 3.198614 3.198614
3.198614 0.0 3.198614
3.198614 3.198614 0.0
Ca Se
1 1
Cartesian
0.0 0.0 0.0 Ca2+
3.198614 3.198614 3.198614 Se2-
",0.011068046026232948,CaTe,"Ca2+ Te2-
1.0
0.0 3.198614 3.198614
3.198614 0.0 3.198614
3.198614 3.198614 0.0
Ca Te
1 1
Cartesian
0.0 0.0 0.0 Ca2+
3.198614 3.198614 3.198614 Te2-
",Yes,Correct
29,Ca2+,Te2-,CaTe,"Ca2+ Te2-
1.0
0.0 2.982329 2.982329
2.982329 0.0 2.982329
2.982329 2.982329 0.0
Ca Te
1 1
Cartesian
0.0 0.0 0.0 Ca2+
2.982329 2.982329 2.982329 Te2-
",0.010224428033381387,CaSe,"Ca2+ Se2-
1.0
0.0 2.982329 2.982329
2.982329 0.0 2.982329
2.982329 2.982329 0.0
Ca Se
1 1
Cartesian
0.0 0.0 0.0 Ca2+
2.982329 2.982329 2.982329 Se2-
",Yes,Correct
30,Sc3+,N3-,ScN,"N3- Sc3+
1.0
1.256214 -2.175827 0.0
1.256214 2.175827 0.0
0.0 0.0 7.707265
N Sc
2 2
Cartesian
1.256214 0.7252771172179999 5.78044875 N3-
1.256214 -0.7252771172179999 1.92681625 N3-
1.256214 0.7252771172179999 1.92681625 Sc3+
1.256214 -0.7252771172179999 5.78044875 Sc3+
",0.008778981280883566,BN,"B3+ N3-
1.0
1.256214 -2.175827 0.0
1.256214 2.175827 0.0
0.0 0.0 7.707265
B N
2 2
Cartesian
1.256214 0.7252771172179999 1.92681625 B3+
1.256214 -0.7252771172179999 5.78044875 B3+
1.256214 0.7252771172179999 5.78044875 N3-
1.256214 -0.7252771172179999 1.92681625 N3-
",Yes,Incorrect
31,Ti3+,N3-,TiN,"N3- Ti3+
1.0
1.256214 -2.175827 0.0
1.256214 2.175827 0.0
0.0 0.0 7.707265
N Ti
2 2
Cartesian
1.256214 0.7252771172179999 5.78044875 N3-
1.256214 -0.7252771172179999 1.92681625 N3-
1.256214 0.7252771172179999 1.92681625 Ti3+
1.256214 -0.7252771172179999 5.78044875 Ti3+
",0.009000824737649219,BN,"B3+ N3-
1.0
1.256214 -2.175827 0.0
1.256214 2.175827 0.0
0.0 0.0 7.707265
B N
2 2
Cartesian
1.256214 0.7252771172179999 1.92681625 B3+
1.256214 -0.7252771172179999 5.78044875 B3+
1.256214 0.7252771172179999 5.78044875 N3-
1.256214 -0.7252771172179999 1.92681625 N3-
",Yes,Incorrect
32,Ti2+,O2-,TiO,"O2- Ti2+
1.0
1.835455 -3.179102 0.0
1.835455 3.179102 0.0
0.0 0.0 7.302053
O Ti
2 2
Cartesian
1.835455 1.0597027860680002 1.82551325 O2-
1.835455 -1.0597027860680002 5.47653975 O2-
0.0 0.0 3.6510265 Ti2+
0.0 0.0 0.0 Ti2+
",0.010071864031350401,TiTe,"Te2- Ti2+
1.0
1.835455 -3.179102 0.0
1.835455 3.179102 0.0
0.0 0.0 7.302053
Te Ti
2 2
Cartesian
1.835455 1.0597027860680002 1.82551325 Te2-
1.835455 -1.0597027860680002 5.47653975 Te2-
0.0 0.0 3.6510265 Ti2+
0.0 0.0 0.0 Ti2+
",Yes,Incorrect
33,Ti2+,S2-,TiS,"S2- Ti2+
1.0
1.835455 -3.179102 0.0
1.835455 3.179102 0.0
0.0 0.0 7.302053
S Ti
2 2
Cartesian
1.835455 1.0597027860680002 1.82551325 S2-
1.835455 -1.0597027860680002 5.47653975 S2-
0.0 0.0 3.6510265 Ti2+
0.0 0.0 0.0 Ti2+
",0.010930314171398395,TiTe,"Te2- Ti2+
1.0
1.835455 -3.179102 0.0
1.835455 3.179102 0.0
0.0 0.0 7.302053
Te Ti
2 2
Cartesian
1.835455 1.0597027860680002 1.82551325 Te2-
1.835455 -1.0597027860680002 5.47653975 Te2-
0.0 0.0 3.6510265 Ti2+
0.0 0.0 0.0 Ti2+
",Yes,Incorrect
34,Ti2+,Se2-,TiSe,"Se2- Ti2+
1.0
1.835455 -3.179102 0.0
1.835455 3.179102 0.0
0.0 0.0 7.302053
Se Ti
2 2
Cartesian
1.835455 1.0597027860680002 1.82551325 Se2-
1.835455 -1.0597027860680002 5.47653975 Se2-
0.0 0.0 3.6510265 Ti2+
0.0 0.0 0.0 Ti2+
",0.011068046026232948,TiTe,"Te2- Ti2+
1.0
1.835455 -3.179102 0.0
1.835455 3.179102 0.0
0.0 0.0 7.302053
Te Ti
2 2
Cartesian
1.835455 1.0597027860680002 1.82551325 Te2-
1.835455 -1.0597027860680002 5.47653975 Te2-
0.0 0.0 3.6510265 Ti2+
0.0 0.0 0.0 Ti2+
",Yes,Incorrect
35,Ti2+,Te2-,TiTe,"Te2- Ti2+
1.0
3.480932 0.0 0.0
0.0 6.259413 0.0
0.0 0.0 6.495951
Te Ti
4 4
Cartesian
2.6106990000000003 5.76122631933 1.8419204100989999 Te2-
0.870233 0.49818668067 4.654030589901 Te2-
0.870233 2.6315198193300002 1.406055089901 Te2-
2.6106990000000003 3.6278931806700006 5.089895910099 Te2-
0.870233 4.343287751853 3.291063142983 Ti2+
0.870233 5.045831748147 0.043087642982999996 Ti2+
2.6106990000000003 1.916125248147 3.204887857017 Ti2+
2.6106990000000003 1.213581251853 6.452863357017 Ti2+
",0.010224428033381387,TiSe,"Se2- Ti2+
1.0
3.480932 0.0 0.0
0.0 6.259413 0.0
0.0 0.0 6.495951
Se Ti
4 4
Cartesian
2.6106990000000003 5.76122631933 1.8419204100989999 Se2-
0.870233 0.49818668067 4.654030589901 Se2-
0.870233 2.6315198193300002 1.406055089901 Se2-
2.6106990000000003 3.6278931806700006 5.089895910099 Se2-
0.870233 4.343287751853 3.291063142983 Ti2+
0.870233 5.045831748147 0.043087642982999996 Ti2+
2.6106990000000003 1.916125248147 3.204887857017 Ti2+
2.6106990000000003 1.213581251853 6.452863357017 Ti2+
",Yes,Incorrect
36,V3+,N3-,VN,"N3- V3+
1.0
1.256214 -2.175827 0.0
1.256214 2.175827 0.0
0.0 0.0 7.707265
N V
2 2
Cartesian
1.256214 0.7252771172179999 5.78044875 N3-
1.256214 -0.7252771172179999 1.92681625 N3-
1.256214 0.7252771172179999 1.92681625 V3+
1.256214 -0.7252771172179999 5.78044875 V3+
",0.009043190342708106,BN,"B3+ N3-
1.0
1.256214 -2.175827 0.0
1.256214 2.175827 0.0
0.0 0.0 7.707265
B N
2 2
Cartesian
1.256214 0.7252771172179999 1.92681625 B3+
1.256214 -0.7252771172179999 5.78044875 B3+
1.256214 0.7252771172179999 5.78044875 N3-
1.256214 -0.7252771172179999 1.92681625 N3-
",Yes,Incorrect
37,V2+,O2-,VO,"O2- V2+
1.0
2.057967 -3.564503 0.0
2.057967 3.564503 0.0
0.0 0.0 6.049173
O V
2 2
Cartesian
2.057967 1.1881700430020004 1.51229325 O2-
2.057967 -1.1881700430020004 4.53687975 O2-
0.0 0.0 0.0 V2+
0.0 0.0 3.0245865 V2+
",0.010071864031350401,VTe,"Te2- V2+
1.0
2.057967 -3.564503 0.0
2.057967 3.564503 0.0
0.0 0.0 6.049173
Te V
2 2
Cartesian
2.057967 1.1881700430020004 1.51229325 Te2-
2.057967 -1.1881700430020004 4.53687975 Te2-
0.0 0.0 0.0 V2+
0.0 0.0 3.0245865 V2+
",Yes,Incorrect
38,V2+,S2-,VS,"S2- V2+
1.0
2.057967 -3.564503 0.0
2.057967 3.564503 0.0
0.0 0.0 6.049173
S V
2 2
Cartesian
2.057967 1.1881700430020004 1.51229325 S2-
2.057967 -1.1881700430020004 4.53687975 S2-
0.0 0.0 0.0 V2+
0.0 0.0 3.0245865 V2+
",0.010930314171398395,VTe,"Te2- V2+
1.0
2.057967 -3.564503 0.0
2.057967 3.564503 0.0
0.0 0.0 6.049173
Te V
2 2
Cartesian
2.057967 1.1881700430020004 1.51229325 Te2-
2.057967 -1.1881700430020004 4.53687975 Te2-
0.0 0.0 0.0 V2+
0.0 0.0 3.0245865 V2+
",Yes,Incorrect
39,V2+,Se2-,VSe,"Se2- V2+
1.0
2.057967 -3.564503 0.0
2.057967 3.564503 0.0
0.0 0.0 6.049173
Se V
2 2
Cartesian
2.057967 1.1881700430020004 1.51229325 Se2-
2.057967 -1.1881700430020004 4.53687975 Se2-
0.0 0.0 0.0 V2+
0.0 0.0 3.0245865 V2+
",0.011068046026232948,VTe,"Te2- V2+
1.0
2.057967 -3.564503 0.0
2.057967 3.564503 0.0
0.0 0.0 6.049173
Te V
2 2
Cartesian
2.057967 1.1881700430020004 1.51229325 Te2-
2.057967 -1.1881700430020004 4.53687975 Te2-
0.0 0.0 0.0 V2+
0.0 0.0 3.0245865 V2+
",Yes,Incorrect
40,V2+,Te2-,VTe,"Te2- V2+
1.0
3.62903 0.0 0.0
0.0 3.62903 0.0
0.0 0.0 6.572222
Te V
2 2
Cartesian
0.0 1.814515 4.847854969416 Te2-
1.814515 0.0 1.724367030584 Te2-
1.814515 1.814515 0.0 V2+
0.0 0.0 0.0 V2+
",0.010224428033381387,VSe,"Se2- V2+
1.0
3.62903 0.0 0.0
0.0 3.62903 0.0
0.0 0.0 6.572222
Se V
2 2
Cartesian
0.0 1.814515 4.847854969416 Se2-
1.814515 0.0 1.724367030584 Se2-
1.814515 1.814515 0.0 V2+
0.0 0.0 0.0 V2+
",Yes,Incorrect
41,Cr3+,N3-,CrN,"Cr3+ N3-
1.0
1.256214 -2.175827 0.0
1.256214 2.175827 0.0
0.0 0.0 7.707265
Cr N
2 2
Cartesian
1.256214 0.7252771172179999 1.92681625 Cr3+
1.256214 -0.7252771172179999 5.78044875 Cr3+
1.256214 0.7252771172179999 5.78044875 N3-
1.256214 -0.7252771172179999 1.92681625 N3-
",0.009076786585279687,BN,"B3+ N3-
1.0
1.256214 -2.175827 0.0
1.256214 2.175827 0.0
0.0 0.0 7.707265
B N
2 2
Cartesian
1.256214 0.7252771172179999 1.92681625 B3+
1.256214 -0.7252771172179999 5.78044875 B3+
1.256214 0.7252771172179999 5.78044875 N3-
1.256214 -0.7252771172179999 1.92681625 N3-
",Yes,Incorrect
42,Cr2+,O2-,CrO,"Cr2+ O2-
1.0
0.0 2.860465 2.860465
2.860465 0.0 2.860465
2.860465 2.860465 0.0
Cr O
1 1
Cartesian
0.0 0.0 0.0 Cr2+
2.860465 2.860465 2.860465 O2-
",0.010071864031350401,CrTe,"Cr2+ Te2-
1.0
0.0 2.860465 2.860465
2.860465 0.0 2.860465
2.860465 2.860465 0.0
Cr Te
1 1
Cartesian
0.0 0.0 0.0 Cr2+
2.860465 2.860465 2.860465 Te2-
",Yes,Correct
43,Cr2+,S2-,CrS,"Cr2+ S2-
1.0
0.0 2.860465 2.860465
2.860465 0.0 2.860465
2.860465 2.860465 0.0
Cr S
1 1
Cartesian
0.0 0.0 0.0 Cr2+
2.860465 2.860465 2.860465 S2-
",0.010930314171398395,CrTe,"Cr2+ Te2-
1.0
0.0 2.860465 2.860465
2.860465 0.0 2.860465
2.860465 2.860465 0.0
Cr Te
1 1
Cartesian
0.0 0.0 0.0 Cr2+
2.860465 2.860465 2.860465 Te2-
",Yes,Incorrect
44,Cr2+,Se2-,CrSe,"Cr2+ Se2-
1.0
0.0 2.860465 2.860465
2.860465 0.0 2.860465
2.860465 2.860465 0.0
Cr Se
1 1
Cartesian
0.0 0.0 0.0 Cr2+
2.860465 2.860465 2.860465 Se2-
",0.011068046026232948,CrTe,"Cr2+ Te2-
1.0
0.0 2.860465 2.860465
2.860465 0.0 2.860465
2.860465 2.860465 0.0
Cr Te
1 1
Cartesian
0.0 0.0 0.0 Cr2+
2.860465 2.860465 2.860465 Te2-
",Yes,Incorrect
45,Cr2+,Te2-,CrTe,"Cr2+ Te2-
1.0
1.888274 -3.270586 0.0
1.888274 3.270586 0.0
0.0 0.0 6.136055
Cr Te
2 2
Cartesian
0.0 0.0 0.0 Cr2+
0.0 0.0 3.0680275 Cr2+
1.888274 1.0901975137240003 1.53401375 Te2-
1.888274 -1.0901975137240003 4.60204125 Te2-
",0.010224428033381387,CrSe,"Cr2+ Se2-
1.0
1.888274 -3.270586 0.0
1.888274 3.270586 0.0
0.0 0.0 6.136055
Cr Se
2 2
Cartesian
0.0 0.0 0.0 Cr2+
0.0 0.0 3.0680275 Cr2+
1.888274 1.0901975137240003 1.53401375 Se2-
1.888274 -1.0901975137240003 4.60204125 Se2-
",Yes,Incorrect
46,Mn3+,N3-,MnN,"Mn3+ N3-
1.0
1.256214 -2.175827 0.0
1.256214 2.175827 0.0
0.0 0.0 7.707265
Mn N
2 2
Cartesian
1.256214 0.7252771172179999 1.92681625 Mn3+
1.256214 -0.7252771172179999 5.78044875 Mn3+
1.256214 0.7252771172179999 5.78044875 N3-
1.256214 -0.7252771172179999 1.92681625 N3-
",0.00910253208876718,BN,"B3+ N3-
1.0
1.256214 -2.175827 0.0
1.256214 2.175827 0.0
0.0 0.0 7.707265
B N
2 2
Cartesian
1.256214 0.7252771172179999 1.92681625 B3+
1.256214 -0.7252771172179999 5.78044875 B3+
1.256214 0.7252771172179999 5.78044875 N3-
1.256214 -0.7252771172179999 1.92681625 N3-
",Yes,Incorrect
47,Mn2+,O2-,MnO,"Mn2+ O2-
1.0
4.221466 0.0 0.0
0.0 5.862998 0.0
0.0 0.0 7.260025
Mn O
4 4
Cartesian
1.0553665 0.013819086286000001 5.408696844925 Mn2+
1.0553665 2.9453180862860004 5.481340655075 Mn2+
3.1660995000000005 5.849178913714 1.8513281550749998 Mn2+
3.1660995000000005 2.917679913714 1.7786843449249998 Mn2+
1.0553665 1.4924554558899998 3.0218547258 O2-
1.0553665 4.42395445589 0.6081577742 O2-
3.1660995000000005 4.37054254411 4.2381702742 O2-
3.1660995000000005 1.43904354411 6.6518672258 O2-
",0.010071864031350401,MnTe,"Mn2+ Te2-
1.0
4.221466 0.0 0.0
0.0 5.862998 0.0
0.0 0.0 7.260025
Mn Te
4 4
Cartesian
1.0553665 0.013819086286000001 5.408696844925 Mn2+
1.0553665 2.9453180862860004 5.481340655075 Mn2+
3.1660995000000005 5.849178913714 1.8513281550749998 Mn2+
3.1660995000000005 2.917679913714 1.7786843449249998 Mn2+
1.0553665 1.4924554558899998 3.0218547258 Te2-
1.0553665 4.42395445589 0.6081577742 Te2-
3.1660995000000005 4.37054254411 4.2381702742 Te2-
3.1660995000000005 1.43904354411 6.6518672258 Te2-
",Yes,Incorrect
48,Mn2+,S2-,MnS,"Mn2+ S2-
1.0
4.221466 0.0 0.0
0.0 5.862998 0.0
0.0 0.0 7.260025
Mn S
4 4
Cartesian
1.0553665 0.013819086286000001 5.408696844925 Mn2+
1.0553665 2.9453180862860004 5.481340655075 Mn2+
3.1660995000000005 5.849178913714 1.8513281550749998 Mn2+
3.1660995000000005 2.917679913714 1.7786843449249998 Mn2+
1.0553665 1.4924554558899998 3.0218547258 S2-
1.0553665 4.42395445589 0.6081577742 S2-
3.1660995000000005 4.37054254411 4.2381702742 S2-
3.1660995000000005 1.43904354411 6.6518672258 S2-
",0.010930314171398395,MnTe,"Mn2+ Te2-
1.0
4.221466 0.0 0.0
0.0 5.862998 0.0
0.0 0.0 7.260025
Mn Te
4 4
Cartesian
1.0553665 0.013819086286000001 5.408696844925 Mn2+
1.0553665 2.9453180862860004 5.481340655075 Mn2+
3.1660995000000005 5.849178913714 1.8513281550749998 Mn2+
3.1660995000000005 2.917679913714 1.7786843449249998 Mn2+
1.0553665 1.4924554558899998 3.0218547258 Te2-
1.0553665 4.42395445589 0.6081577742 Te2-
3.1660995000000005 4.37054254411 4.2381702742 Te2-
3.1660995000000005 1.43904354411 6.6518672258 Te2-
",Yes,Incorrect
49,Mn2+,Se2-,MnSe,"Mn2+ Se2-
1.0
4.221466 0.0 0.0
0.0 5.862998 0.0
0.0 0.0 7.260025
Mn Se
4 4
Cartesian
1.0553665 0.013819086286000001 5.408696844925 Mn2+
1.0553665 2.9453180862860004 5.481340655075 Mn2+
3.1660995000000005 5.849178913714 1.8513281550749998 Mn2+
3.1660995000000005 2.917679913714 1.7786843449249998 Mn2+
1.0553665 1.4924554558899998 3.0218547258 Se2-
1.0553665 4.42395445589 0.6081577742 Se2-
3.1660995000000005 4.37054254411 4.2381702742 Se2-
3.1660995000000005 1.43904354411 6.6518672258 Se2-
",0.011068046026232948,MnTe,"Mn2+ Te2-
1.0
4.221466 0.0 0.0
0.0 5.862998 0.0
0.0 0.0 7.260025
Mn Te
4 4
Cartesian
1.0553665 0.013819086286000001 5.408696844925 Mn2+
1.0553665 2.9453180862860004 5.481340655075 Mn2+
3.1660995000000005 5.849178913714 1.8513281550749998 Mn2+
3.1660995000000005 2.917679913714 1.7786843449249998 Mn2+
1.0553665 1.4924554558899998 3.0218547258 Te2-
1.0553665 4.42395445589 0.6081577742 Te2-
3.1660995000000005 4.37054254411 4.2381702742 Te2-
3.1660995000000005 1.43904354411 6.6518672258 Te2-
",Yes,Incorrect
50,Mn2+,Te2-,MnTe,"Mn2+ Te2-
1.0
2.102293 -3.641278 0.0
2.102293 3.641278 0.0
0.0 0.0 6.839229
Mn Te
2 2
Cartesian
2.102293 -1.213761760852 3.418821149436 Mn2+
2.102293 1.213761760852 6.838435649436 Mn2+
2.102293 -1.213761760852 5.991957954564 Te2-
2.102293 1.213761760852 2.572343454564 Te2-
",0.010224428033381387,MnSe,"Mn2+ Se2-
1.0
2.102293 -3.641278 0.0
2.102293 3.641278 0.0
0.0 0.0 6.839229
Mn Se
2 2
Cartesian
2.102293 -1.213761760852 3.418821149436 Mn2+
2.102293 1.213761760852 6.838435649436 Mn2+
2.102293 -1.213761760852 5.991957954564 Se2-
2.102293 1.213761760852 2.572343454564 Se2-
",Yes,Incorrect
51,Fe3+,N3-,FeN,"Fe3+ N3-
1.0
1.256214 -2.175827 0.0
1.256214 2.175827 0.0
0.0 0.0 7.707265
Fe N
2 2
Cartesian
1.256214 0.7252771172179999 1.92681625 Fe3+
1.256214 -0.7252771172179999 5.78044875 Fe3+
1.256214 0.7252771172179999 5.78044875 N3-
1.256214 -0.7252771172179999 1.92681625 N3-
",0.009080060006383858,BN,"B3+ N3-
1.0
1.256214 -2.175827 0.0
1.256214 2.175827 0.0
0.0 0.0 7.707265
B N
2 2
Cartesian
1.256214 0.7252771172179999 1.92681625 B3+
1.256214 -0.7252771172179999 5.78044875 B3+
1.256214 0.7252771172179999 5.78044875 N3-
1.256214 -0.7252771172179999 1.92681625 N3-
",Yes,Incorrect
52,Fe2+,O2-,FeO,"Fe2+ O2-
1.0
3.65601 0.0 0.0
0.0 3.65601 0.0
0.0 0.0 6.514508
Fe O
2 2
Cartesian
1.828005 1.828005 0.0 Fe2+
0.0 0.0 0.0 Fe2+
0.0 1.828005 4.692458742972 O2-
1.828005 0.0 1.8220492570280002 O2-
",0.010071864031350401,FeTe,"Fe2+ Te2-
1.0
3.65601 0.0 0.0
0.0 3.65601 0.0
0.0 0.0 6.514508
Fe Te
2 2
Cartesian
1.828005 1.828005 0.0 Fe2+
0.0 0.0 0.0 Fe2+
0.0 1.828005 4.692458742972 Te2-
1.828005 0.0 1.8220492570280002 Te2-
",Yes,Incorrect
53,Fe2+,S2-,FeS,"Fe2+ S2-
1.0
3.65601 0.0 0.0
0.0 3.65601 0.0
0.0 0.0 6.514508
Fe S
2 2
Cartesian
1.828005 1.828005 0.0 Fe2+
0.0 0.0 0.0 Fe2+
0.0 1.828005 4.692458742972 S2-
1.828005 0.0 1.8220492570280002 S2-
",0.010930314171398395,FeTe,"Fe2+ Te2-
1.0
3.65601 0.0 0.0
0.0 3.65601 0.0
0.0 0.0 6.514508
Fe Te
2 2
Cartesian
1.828005 1.828005 0.0 Fe2+
0.0 0.0 0.0 Fe2+
0.0 1.828005 4.692458742972 Te2-
1.828005 0.0 1.8220492570280002 Te2-
",Yes,Correct
54,Fe2+,Se2-,FeSe,"Fe2+ Se2-
1.0
3.65601 0.0 0.0
0.0 3.65601 0.0
0.0 0.0 6.514508
Fe Se
2 2
Cartesian
1.828005 1.828005 0.0 Fe2+
0.0 0.0 0.0 Fe2+
0.0 1.828005 4.692458742972 Se2-
1.828005 0.0 1.8220492570280002 Se2-
",0.011068046026232948,FeTe,"Fe2+ Te2-
1.0
3.65601 0.0 0.0
0.0 3.65601 0.0
0.0 0.0 6.514508
Fe Te
2 2
Cartesian
1.828005 1.828005 0.0 Fe2+
0.0 0.0 0.0 Fe2+
0.0 1.828005 4.692458742972 Te2-
1.828005 0.0 1.8220492570280002 Te2-
",Yes,Correct
55,Fe2+,Te2-,FeTe,"Fe2+ Te2-
1.0
3.688905 0.0 0.0
0.0 3.688905 0.0
0.0 0.0 5.854194
Fe Te
2 2
Cartesian
0.0 0.0 0.0 Fe2+
1.8444525 1.8444525 0.0 Fe2+
0.0 1.8444525 4.47737538411 Te2-
1.8444525 0.0 1.37681861589 Te2-
",0.010224428033381387,FeSe,"Fe2+ Se2-
1.0
3.688905 0.0 0.0
0.0 3.688905 0.0
0.0 0.0 5.854194
Fe Se
2 2
Cartesian
0.0 0.0 0.0 Fe2+
1.8444525 1.8444525 0.0 Fe2+
0.0 1.8444525 4.47737538411 Se2-
1.8444525 0.0 1.37681861589 Se2-
",Yes,Correct
56,Co3+,N3-,CoN,"Co3+ N3-
1.0
1.256214 -2.175827 0.0
1.256214 2.175827 0.0
0.0 0.0 7.707265
Co N
2 2
Cartesian
1.256214 0.7252771172179999 1.92681625 Co3+
1.256214 -0.7252771172179999 5.78044875 Co3+
1.256214 0.7252771172179999 5.78044875 N3-
1.256214 -0.7252771172179999 1.92681625 N3-
",0.009121175243750201,BN,"B3+ N3-
1.0
1.256214 -2.175827 0.0
1.256214 2.175827 0.0
0.0 0.0 7.707265
B N
2 2
Cartesian
1.256214 0.7252771172179999 1.92681625 B3+
1.256214 -0.7252771172179999 5.78044875 B3+
1.256214 0.7252771172179999 5.78044875 N3-
1.256214 -0.7252771172179999 1.92681625 N3-
",Yes,Incorrect
57,Co2+,O2-,CoO,"Co2+ O2-
1.0
1.954606 -3.385476 0.0
1.954606 3.385476 0.0
0.0 0.0 5.303518
Co O
2 2
Cartesian
0.0 0.0 0.0 Co2+
0.0 0.0 2.651759 Co2+
1.954606 1.128494256984 1.3258795 O2-
1.954606 -1.128494256984 3.9776385000000003 O2-
",0.010071864031350401,CoTe,"Co2+ Te2-
1.0
1.954606 -3.385476 0.0
1.954606 3.385476 0.0
0.0 0.0 5.303518
Co Te
2 2
Cartesian
0.0 0.0 0.0 Co2+
0.0 0.0 2.651759 Co2+
1.954606 1.128494256984 1.3258795 Te2-
1.954606 -1.128494256984 3.9776385000000003 Te2-
",Yes,Incorrect
58,Co2+,S2-,CoS,"Co2+ S2-
1.0
1.954606 -3.385476 0.0
1.954606 3.385476 0.0
0.0 0.0 5.303518
Co S
2 2
Cartesian
0.0 0.0 0.0 Co2+
0.0 0.0 2.651759 Co2+
1.954606 1.128494256984 1.3258795 S2-
1.954606 -1.128494256984 3.9776385000000003 S2-
",0.010930314171398395,CoTe,"Co2+ Te2-
1.0
1.954606 -3.385476 0.0
1.954606 3.385476 0.0
0.0 0.0 5.303518
Co Te
2 2
Cartesian
0.0 0.0 0.0 Co2+
0.0 0.0 2.651759 Co2+
1.954606 1.128494256984 1.3258795 Te2-
1.954606 -1.128494256984 3.9776385000000003 Te2-
",Yes,Correct
59,Co2+,Se2-,CoSe,"Co2+ Se2-
1.0
1.954606 -3.385476 0.0
1.954606 3.385476 0.0
0.0 0.0 5.303518
Co Se
2 2
Cartesian
0.0 0.0 0.0 Co2+
0.0 0.0 2.651759 Co2+
1.954606 1.128494256984 1.3258795 Se2-
1.954606 -1.128494256984 3.9776385000000003 Se2-
",0.011068046026232948,CoTe,"Co2+ Te2-
1.0
1.954606 -3.385476 0.0
1.954606 3.385476 0.0
0.0 0.0 5.303518
Co Te
2 2
Cartesian
0.0 0.0 0.0 Co2+
0.0 0.0 2.651759 Co2+
1.954606 1.128494256984 1.3258795 Te2-
1.954606 -1.128494256984 3.9776385000000003 Te2-
",Yes,Incorrect
60,Co2+,Te2-,CoTe,"Co2+ Te2-
1.0
3.679334 0.0 0.0
0.0 3.679334 0.0
0.0 0.0 5.645724
Co Te
2 2
Cartesian
0.0 0.0 0.0 Co2+
1.839667 1.839667 0.0 Co2+
1.839667 0.0 4.246815215832001 Te2-
0.0 1.839667 1.3989087841680001 Te2-
",0.010224428033381387,CoSe,"Co2+ Se2-
1.0
3.679334 0.0 0.0
0.0 3.679334 0.0
0.0 0.0 5.645724
Co Se
2 2
Cartesian
0.0 0.0 0.0 Co2+
1.839667 1.839667 0.0 Co2+
1.839667 0.0 4.246815215832001 Se2-
0.0 1.839667 1.3989087841680001 Se2-
",Yes,Incorrect
61,Ni3+,N3-,NiN,"N3- Ni3+
1.0
1.256214 -2.175827 0.0
1.256214 2.175827 0.0
0.0 0.0 7.707265
N Ni
2 2
Cartesian
1.256214 0.7252771172179999 5.78044875 N3-
1.256214 -0.7252771172179999 1.92681625 N3-
1.256214 0.7252771172179999 1.92681625 Ni3+
1.256214 -0.7252771172179999 5.78044875 Ni3+
",0.009121175243750201,BN,"B3+ N3-
1.0
1.256214 -2.175827 0.0
1.256214 2.175827 0.0
0.0 0.0 7.707265
B N
2 2
Cartesian
1.256214 0.7252771172179999 1.92681625 B3+
1.256214 -0.7252771172179999 5.78044875 B3+
1.256214 0.7252771172179999 5.78044875 N3-
1.256214 -0.7252771172179999 1.92681625 N3-
",Yes,Incorrect
62,Ni2+,O2-,NiO,"Ni2+ O2-
1.0
6.789583 -1.928365 0.0
6.789583 1.928365 0.0
6.241892 0.0 3.294816
Ni O
2 2
Cartesian
2.609521569932 0.0 0.433775705664 Ni2+
17.211536430068 0.0 2.8610402943359996 Ni2+
5.118035028296 0.0 0.850761028992 O2-
14.703022971704 0.0 2.444054971008 O2-
",0.010071864031350401,NiTe,"Ni2+ Te2-
1.0
6.789583 -1.928365 0.0
6.789583 1.928365 0.0
6.241892 0.0 3.294816
Ni Te
2 2
Cartesian
2.609521569932 0.0 0.433775705664 Ni2+
17.211536430068 0.0 2.8610402943359996 Ni2+
5.118035028296 0.0 0.850761028992 Te2-
14.703022971704 0.0 2.444054971008 Te2-
",Yes,Incorrect
63,Ni2+,S2-,NiS,"Ni2+ S2-
1.0
6.789583 -1.928365 0.0
6.789583 1.928365 0.0
6.241892 0.0 3.294816
Ni S
2 2
Cartesian
2.609521569932 0.0 0.433775705664 Ni2+
17.211536430068 0.0 2.8610402943359996 Ni2+
5.118035028296 0.0 0.850761028992 S2-
14.703022971704 0.0 2.444054971008 S2-
",0.010930314171398395,NiTe,"Ni2+ Te2-
1.0
6.789583 -1.928365 0.0
6.789583 1.928365 0.0
6.241892 0.0 3.294816
Ni Te
2 2
Cartesian
2.609521569932 0.0 0.433775705664 Ni2+
17.211536430068 0.0 2.8610402943359996 Ni2+
5.118035028296 0.0 0.850761028992 Te2-
14.703022971704 0.0 2.444054971008 Te2-
",Yes,Incorrect
64,Ni2+,Se2-,NiSe,"Ni2+ Se2-
1.0
6.789583 -1.928365 0.0
6.789583 1.928365 0.0
6.241892 0.0 3.294816
Ni Se
2 2
Cartesian
2.609521569932 0.0 0.433775705664 Ni2+
17.211536430068 0.0 2.8610402943359996 Ni2+
5.118035028296 0.0 0.850761028992 Se2-
14.703022971704 0.0 2.444054971008 Se2-
",0.011068046026232948,NiTe,"Ni2+ Te2-
1.0
6.789583 -1.928365 0.0
6.789583 1.928365 0.0
6.241892 0.0 3.294816
Ni Te
2 2
Cartesian
2.609521569932 0.0 0.433775705664 Ni2+
17.211536430068 0.0 2.8610402943359996 Ni2+
5.118035028296 0.0 0.850761028992 Te2-
14.703022971704 0.0 2.444054971008 Te2-
",Yes,Incorrect
65,Ni2+,Te2-,NiTe,"Ni2+ Te2-
1.0
3.09376 -5.000674 0.0
3.09376 5.000674 0.0
-4.989203 0.0 3.112225
Ni Te
3 3
Cartesian
0.800898085882 -1.279857501538 0.023609338849999998 Ni2+
-1.267831215449 0.0 0.8201428686750001 Ni2+
0.800898085882 1.279857501538 0.023609338849999998 Ni2+
-0.18320981669499936 1.6991790184600002 2.254386862125 Te2-
2.563300181075001 0.0 1.196883929375 Te2-
-0.18320981669499936 -1.6991790184600002 2.254386862125 Te2-
",0.010224428033381387,NiSe,"Ni2+ Se2-
1.0
3.09376 -5.000674 0.0
3.09376 5.000674 0.0
-4.989203 0.0 3.112225
Ni Se
3 3
Cartesian
0.800898085882 -1.279857501538 0.023609338849999998 Ni2+
-1.267831215449 0.0 0.8201428686750001 Ni2+
0.800898085882 1.279857501538 0.023609338849999998 Ni2+
-0.18320981669499936 1.6991790184600002 2.254386862125 Se2-
2.563300181075001 0.0 1.196883929375 Se2-
-0.18320981669499936 -1.6991790184600002 2.254386862125 Se2-
",Yes,Incorrect
66,Cu2+,O2-,CuO,"Cu2+ O2-
1.0
3.195561 0.0 0.0
0.0 4.040864 0.0
0.0 0.0 7.128868
Cu O
2 2
Cartesian
0.0 2.020432 3.269505601972 Cu2+
1.5977805 0.0 3.8593623980280003 Cu2+
0.0 0.0 1.619728711676 O2-
1.5977805 2.020432 5.509139288324 O2-
",0.010071864031350401,CuTe,"Cu2+ Te2-
1.0
3.195561 0.0 0.0
0.0 4.040864 0.0
0.0 0.0 7.128868
Cu Te
2 2
Cartesian
0.0 2.020432 3.269505601972 Cu2+
1.5977805 0.0 3.8593623980280003 Cu2+
0.0 0.0 1.619728711676 Te2-
1.5977805 2.020432 5.509139288324 Te2-
",Yes,Incorrect
67,Cu1+,F1-,CuF,"Cu1+ F1-
1.0
2.083882 -3.60939 0.0
2.083882 3.60939 0.0
0.0 0.0 22.372406
Cu F
6 6
Cartesian
0.0 0.0 17.49197749313 Cu1+
2.083882 1.2031324062600002 1.1476596829880001 Cu1+
0.0 0.0 10.03648505566 Cu1+
0.0 0.0 2.573990055112 Cu1+
2.083882 -1.2031324062600002 16.066430155216 Cu1+
2.083882 1.2031324062600002 8.612548530978001 Cu1+
0.0 0.0 7.421844338846001 F1-
0.0 0.0 14.877292031504002 F1-
2.083882 1.2031324062600002 3.763620371756 F1-
2.083882 1.2031324062600002 11.227726185536 F1-
2.083882 -1.2031324062600002 18.682592195638 F1-
0.0 0.0 22.331598731456 F1-
",0.00986617443171969,CuI,"Cu1+ I1-
1.0
2.083882 -3.60939 0.0
2.083882 3.60939 0.0
0.0 0.0 22.372406
Cu I
6 6
Cartesian
0.0 0.0 17.49197749313 Cu1+
2.083882 1.2031324062600002 1.1476596829880001 Cu1+
0.0 0.0 10.03648505566 Cu1+
0.0 0.0 2.573990055112 Cu1+
2.083882 -1.2031324062600002 16.066430155216 Cu1+
2.083882 1.2031324062600002 8.612548530978001 Cu1+
0.0 0.0 7.421844338846001 I1-
0.0 0.0 14.877292031504002 I1-
2.083882 1.2031324062600002 3.763620371756 I1-
2.083882 1.2031324062600002 11.227726185536 I1-
2.083882 -1.2031324062600002 18.682592195638 I1-
0.0 0.0 22.331598731456 I1-
",Yes,Incorrect
68,Cu2+,S2-,CuS,"Cu2+ S2-
1.0
3.195561 0.0 0.0
0.0 4.040864 0.0
0.0 0.0 7.128868
Cu S
2 2
Cartesian
0.0 2.020432 3.269505601972 Cu2+
1.5977805 0.0 3.8593623980280003 Cu2+
0.0 0.0 1.619728711676 S2-
1.5977805 2.020432 5.509139288324 S2-
",0.010930314171398395,CuTe,"Cu2+ Te2-
1.0
3.195561 0.0 0.0
0.0 4.040864 0.0
0.0 0.0 7.128868
Cu Te
2 2
Cartesian
0.0 2.020432 3.269505601972 Cu2+
1.5977805 0.0 3.8593623980280003 Cu2+
0.0 0.0 1.619728711676 Te2-
1.5977805 2.020432 5.509139288324 Te2-
",Yes,Incorrect
69,Cu1+,Cl1-,CuCl,"Cl1- Cu1+
1.0
2.083882 -3.60939 0.0
2.083882 3.60939 0.0
0.0 0.0 22.372406
Cl Cu
6 6
Cartesian
0.0 0.0 7.421844338846001 Cl1-
0.0 0.0 14.877292031504002 Cl1-
2.083882 1.2031324062600002 3.763620371756 Cl1-
2.083882 1.2031324062600002 11.227726185536 Cl1-
2.083882 -1.2031324062600002 18.682592195638 Cl1-
0.0 0.0 22.331598731456 Cl1-
0.0 0.0 17.49197749313 Cu1+
2.083882 1.2031324062600002 1.1476596829880001 Cu1+
0.0 0.0 10.03648505566 Cu1+
0.0 0.0 2.573990055112 Cu1+
2.083882 -1.2031324062600002 16.066430155216 Cu1+
2.083882 1.2031324062600002 8.612548530978001 Cu1+
",0.01086467162401704,CuI,"Cu1+ I1-
1.0
2.083882 -3.60939 0.0
2.083882 3.60939 0.0
0.0 0.0 22.372406
Cu I
6 6
Cartesian
0.0 0.0 17.49197749313 Cu1+
2.083882 1.2031324062600002 1.1476596829880001 Cu1+
0.0 0.0 10.03648505566 Cu1+
0.0 0.0 2.573990055112 Cu1+
2.083882 -1.2031324062600002 16.066430155216 Cu1+
2.083882 1.2031324062600002 8.612548530978001 Cu1+
0.0 0.0 7.421844338846001 I1-
0.0 0.0 14.877292031504002 I1-
2.083882 1.2031324062600002 3.763620371756 I1-
2.083882 1.2031324062600002 11.227726185536 I1-
2.083882 -1.2031324062600002 18.682592195638 I1-
0.0 0.0 22.331598731456 I1-
",Yes,Incorrect
70,Cu1+,Br1-,CuBr,"Br1- Cu1+
1.0
2.083882 -3.60939 0.0
2.083882 3.60939 0.0
0.0 0.0 22.372406
Br Cu
6 6
Cartesian
0.0 0.0 7.421844338846001 Br1-
0.0 0.0 14.877292031504002 Br1-
2.083882 1.2031324062600002 3.763620371756 Br1-
2.083882 1.2031324062600002 11.227726185536 Br1-
2.083882 -1.2031324062600002 18.682592195638 Br1-
0.0 0.0 22.331598731456 Br1-
0.0 0.0 17.49197749313 Cu1+
2.083882 1.2031324062600002 1.1476596829880001 Cu1+
0.0 0.0 10.03648505566 Cu1+
0.0 0.0 2.573990055112 Cu1+
2.083882 -1.2031324062600002 16.066430155216 Cu1+
2.083882 1.2031324062600002 8.612548530978001 Cu1+
",0.011018810265270745,CuI,"Cu1+ I1-
1.0
2.083882 -3.60939 0.0
2.083882 3.60939 0.0
0.0 0.0 22.372406
Cu I
6 6
Cartesian
0.0 0.0 17.49197749313 Cu1+
2.083882 1.2031324062600002 1.1476596829880001 Cu1+
0.0 0.0 10.03648505566 Cu1+
0.0 0.0 2.573990055112 Cu1+
2.083882 -1.2031324062600002 16.066430155216 Cu1+
2.083882 1.2031324062600002 8.612548530978001 Cu1+
0.0 0.0 7.421844338846001 I1-
0.0 0.0 14.877292031504002 I1-
2.083882 1.2031324062600002 3.763620371756 I1-
2.083882 1.2031324062600002 11.227726185536 I1-
2.083882 -1.2031324062600002 18.682592195638 I1-
0.0 0.0 22.331598731456 I1-
",Yes,Incorrect
71,Cu2+,Te2-,CuTe,"Cu2+ Te2-
1.0
1.89446 -3.297547 0.0
1.89446 3.297547 0.0
0.0 0.0 16.421388
Cu Te
6 6
Cartesian
1.89446 -1.078568267854 9.971050372212002 Cu2+
1.89446 1.078568267854 1.7603563722120001 Cu2+
1.89446 -1.078568267854 14.661031627787999 Cu2+
1.89446 -0.9099646897439999 4.105347 Cu2+
1.89446 1.078568267854 6.4503376277880005 Cu2+
1.89446 0.9099646897439999 12.316041 Cu2+
1.8944600000000003 -3.2820485291 9.264405203796 Te2-
1.89446 -1.2785051375579999 12.316041 Te2-
1.8944600000000003 3.2820485291 1.0537112037960001 Te2-
1.89446 1.2785051375579999 4.105347 Te2-
1.8944600000000003 -3.2820485291 15.367676796204 Te2-
1.8944600000000003 3.2820485291 7.156982796204001 Te2-
",0.009692183764853401,CuS,"Cu2+ S2-
1.0
1.89446 -3.297547 0.0
1.89446 3.297547 0.0
0.0 0.0 16.421388
Cu S
6 6
Cartesian
1.89446 -1.078568267854 9.971050372212002 Cu2+
1.89446 1.078568267854 1.7603563722120001 Cu2+
1.89446 -1.078568267854 14.661031627787999 Cu2+
1.89446 -0.9099646897439999 4.105347 Cu2+
1.89446 1.078568267854 6.4503376277880005 Cu2+
1.89446 0.9099646897439999 12.316041 Cu2+
1.8944600000000003 -3.2820485291 9.264405203796 S2-
1.89446 -1.2785051375579999 12.316041 S2-
1.8944600000000003 3.2820485291 1.0537112037960001 S2-
1.89446 1.2785051375579999 4.105347 S2-
1.8944600000000003 -3.2820485291 15.367676796204 S2-
1.8944600000000003 3.2820485291 7.156982796204001 S2-
",Yes,Incorrect
72,Cu1+,I1-,CuI,"Cu1+ I1-
1.0
0.0 2.849508 2.849508
2.849508 0.0 2.849508
2.849508 2.849508 0.0
Cu I
1 1
Cartesian
1.424754 1.424754 1.424754 Cu1+
0.0 0.0 0.0 I1-
",0.01015424111890689,CuBr,"Br1- Cu1+
1.0
0.0 2.849508 2.849508
2.849508 0.0 2.849508
2.849508 2.849508 0.0
Br Cu
1 1
Cartesian
0.0 0.0 0.0 Br1-
1.424754 1.424754 1.424754 Cu1+
",Yes,Incorrect
73,Zn2+,O2-,ZnO,"O2- Zn2+
1.0
0.0 3.092413 3.092413
3.092413 0.0 3.092413
3.092413 3.092413 0.0
O Zn
1 1
Cartesian
4.6386195 4.6386195 4.6386195 O2-
0.0 0.0 0.0 Zn2+
",0.010071864031350401,ZnTe,"Te2- Zn2+
1.0
0.0 3.092413 3.092413
3.092413 0.0 3.092413
3.092413 3.092413 0.0
Te Zn
1 1
Cartesian
4.6386195 4.6386195 4.6386195 Te2-
0.0 0.0 0.0 Zn2+
",Yes,Incorrect
74,Zn2+,S2-,ZnS,"S2- Zn2+
1.0
0.0 3.092413 3.092413
3.092413 0.0 3.092413
3.092413 3.092413 0.0
S Zn
1 1
Cartesian
4.6386195 4.6386195 4.6386195 S2-
0.0 0.0 0.0 Zn2+
",0.010930314171398395,ZnTe,"Te2- Zn2+
1.0
0.0 3.092413 3.092413
3.092413 0.0 3.092413
3.092413 3.092413 0.0
Te Zn
1 1
Cartesian
4.6386195 4.6386195 4.6386195 Te2-
0.0 0.0 0.0 Zn2+
",Yes,Incorrect
75,Zn2+,Se2-,ZnSe,"Se2- Zn2+
1.0
0.0 3.092413 3.092413
3.092413 0.0 3.092413
3.092413 3.092413 0.0
Se Zn
1 1
Cartesian
4.6386195 4.6386195 4.6386195 Se2-
0.0 0.0 0.0 Zn2+
",0.011068046026232948,ZnTe,"Te2- Zn2+
1.0
0.0 3.092413 3.092413
3.092413 0.0 3.092413
3.092413 3.092413 0.0
Te Zn
1 1
Cartesian
4.6386195 4.6386195 4.6386195 Te2-
0.0 0.0 0.0 Zn2+
",Yes,Correct
76,Zn2+,Te2-,ZnTe,"Te2- Zn2+
1.0
0.0 2.87117 2.87117
2.87117 0.0 2.87117
2.87117 2.87117 0.0
Te Zn
1 1
Cartesian
1.435585 1.435585 1.435585 Te2-
0.0 0.0 0.0 Zn2+
",0.010224428033381387,ZnSe,"Se2- Zn2+
1.0
0.0 2.87117 2.87117
2.87117 0.0 2.87117
2.87117 2.87117 0.0
Se Zn
1 1
Cartesian
1.435585 1.435585 1.435585 Se2-
0.0 0.0 0.0 Zn2+
",Yes,Correct
77,Ga3+,N3-,GaN,"Ga3+ N3-
1.0
1.256214 -2.175827 0.0
1.256214 2.175827 0.0
0.0 0.0 7.707265
Ga N
2 2
Cartesian
1.256214 0.7252771172179999 1.92681625 Ga3+
1.256214 -0.7252771172179999 5.78044875 Ga3+
1.256214 0.7252771172179999 5.78044875 N3-
1.256214 -0.7252771172179999 1.92681625 N3-
",0.009160540909915114,BN,"B3+ N3-
1.0
1.256214 -2.175827 0.0
1.256214 2.175827 0.0
0.0 0.0 7.707265
B N
2 2
Cartesian
1.256214 0.7252771172179999 1.92681625 B3+
1.256214 -0.7252771172179999 5.78044875 B3+
1.256214 0.7252771172179999 5.78044875 N3-
1.256214 -0.7252771172179999 1.92681625 N3-
",Yes,Incorrect
78,Ge2+,S2-,GeS,"Ge2+ S2-
1.0
3.829808 -2.115333 0.0
3.829808 2.115333 0.0
2.661437 0.0 3.47258
Ge S
1 1
Cartesian
10.270066998179999 0.0 3.4554254547999994 Ge2+
5.42825461482 0.0 1.8263687251999998 S2-
",0.010930314171398395,GeTe,"Ge2+ Te2-
1.0
3.829808 -2.115333 0.0
3.829808 2.115333 0.0
2.661437 0.0 3.47258
Ge Te
1 1
Cartesian
10.270066998179999 0.0 3.4554254547999994 Ge2+
5.42825461482 0.0 1.8263687251999998 Te2-
",Yes,Incorrect
79,Ge2+,Se2-,GeSe,"Ge2+ Se2-
1.0
3.829808 -2.115333 0.0
3.829808 2.115333 0.0
2.661437 0.0 3.47258
Ge Se
1 1
Cartesian
10.270066998179999 0.0 3.4554254547999994 Ge2+
5.42825461482 0.0 1.8263687251999998 Se2-
",0.011068046026232948,GeTe,"Ge2+ Te2-
1.0
3.829808 -2.115333 0.0
3.829808 2.115333 0.0
2.661437 0.0 3.47258
Ge Te
1 1
Cartesian
10.270066998179999 0.0 3.4554254547999994 Ge2+
5.42825461482 0.0 1.8263687251999998 Te2-
",Yes,Correct
80,Ge2+,Te2-,GeTe,"Ge2+ Te2-
1.0
0.0 2.832861 2.832861
2.832861 0.0 2.832861
2.832861 2.832861 0.0
Ge Te
1 1
Cartesian
0.0 0.0 0.0 Ge2+
2.832861 2.832861 2.832861 Te2-
",0.010224428033381387,GeSe,"Ge2+ Se2-
1.0
0.0 2.832861 2.832861
2.832861 0.0 2.832861
2.832861 2.832861 0.0
Ge Se
1 1
Cartesian
0.0 0.0 0.0 Ge2+
2.832861 2.832861 2.832861 Se2-
",Yes,Correct
81,Rb1+,F1-,RbF,"F1- Rb1+
1.0
0.0 3.743926 3.743926
3.743926 0.0 3.743926
3.743926 3.743926 0.0
F Rb
1 1
Cartesian
3.743926 3.743926 3.743926 F1-
0.0 0.0 0.0 Rb1+
",0.00986617443171969,RbI,"I1- Rb1+
1.0
0.0 3.743926 3.743926
3.743926 0.0 3.743926
3.743926 3.743926 0.0
I Rb
1 1
Cartesian
3.743926 3.743926 3.743926 I1-
0.0 0.0 0.0 Rb1+
",Yes,Correct
82,Rb1+,Cl1-,RbCl,"Cl1- Rb1+
1.0
0.0 3.743926 3.743926
3.743926 0.0 3.743926
3.743926 3.743926 0.0
Cl Rb
1 1
Cartesian
3.743926 3.743926 3.743926 Cl1-
0.0 0.0 0.0 Rb1+
",0.01086467162401704,RbI,"I1- Rb1+
1.0
0.0 3.743926 3.743926
3.743926 0.0 3.743926
3.743926 3.743926 0.0
I Rb
1 1
Cartesian
3.743926 3.743926 3.743926 I1-
0.0 0.0 0.0 Rb1+
",Yes,Correct
83,Rb1+,Br1-,RbBr,"Br1- Rb1+
1.0
0.0 3.743926 3.743926
3.743926 0.0 3.743926
3.743926 3.743926 0.0
Br Rb
1 1
Cartesian
3.743926 3.743926 3.743926 Br1-
0.0 0.0 0.0 Rb1+
",0.011018810265270745,RbI,"I1- Rb1+
1.0
0.0 3.743926 3.743926
3.743926 0.0 3.743926
3.743926 3.743926 0.0
I Rb
1 1
Cartesian
3.743926 3.743926 3.743926 I1-
0.0 0.0 0.0 Rb1+
",Yes,Correct
84,Rb1+,I1-,RbI,"I1- Rb1+
1.0
0.0 3.513965 3.513965
3.513965 0.0 3.513965
3.513965 3.513965 0.0
I Rb
1 1
Cartesian
3.513965 3.513965 3.513965 I1-
0.0 0.0 0.0 Rb1+
",0.01015424111890689,RbBr,"Br1- Rb1+
1.0
0.0 3.513965 3.513965
3.513965 0.0 3.513965
3.513965 3.513965 0.0
Br Rb
1 1
Cartesian
3.513965 3.513965 3.513965 Br1-
0.0 0.0 0.0 Rb1+
",Yes,Correct
85,Sr2+,O2-,SrO,"O2- Sr2+
1.0
0.0 3.362074 3.362074
3.362074 0.0 3.362074
3.362074 3.362074 0.0
O Sr
1 1
Cartesian
3.362074 3.362074 3.362074 O2-
0.0 0.0 0.0 Sr2+
",0.010071864031350401,SrTe,"Sr2+ Te2-
1.0
0.0 3.362074 3.362074
3.362074 0.0 3.362074
3.362074 3.362074 0.0
Sr Te
1 1
Cartesian
0.0 0.0 0.0 Sr2+
3.362074 3.362074 3.362074 Te2-
",Yes,Correct
86,Sr2+,S2-,SrS,"S2- Sr2+
1.0
0.0 3.362074 3.362074
3.362074 0.0 3.362074
3.362074 3.362074 0.0
S Sr
1 1
Cartesian
3.362074 3.362074 3.362074 S2-
0.0 0.0 0.0 Sr2+
",0.010930314171398395,SrTe,"Sr2+ Te2-
1.0
0.0 3.362074 3.362074
3.362074 0.0 3.362074
3.362074 3.362074 0.0
Sr Te
1 1
Cartesian
0.0 0.0 0.0 Sr2+
3.362074 3.362074 3.362074 Te2-
",Yes,Correct
87,Sr2+,Se2-,SrSe,"Se2- Sr2+
1.0
0.0 3.362074 3.362074
3.362074 0.0 3.362074
3.362074 3.362074 0.0
Se Sr
1 1
Cartesian
3.362074 3.362074 3.362074 Se2-
0.0 0.0 0.0 Sr2+
",0.011068046026232948,SrTe,"Sr2+ Te2-
1.0
0.0 3.362074 3.362074
3.362074 0.0 3.362074
3.362074 3.362074 0.0
Sr Te
1 1
Cartesian
0.0 0.0 0.0 Sr2+
3.362074 3.362074 3.362074 Te2-
",Yes,Correct
88,Sr2+,Te2-,SrTe,"Sr2+ Te2-
1.0
0.0 3.151925 3.151925
3.151925 0.0 3.151925
3.151925 3.151925 0.0
Sr Te
1 1
Cartesian
0.0 0.0 0.0 Sr2+
3.151925 3.151925 3.151925 Te2-
",0.010224428033381387,SrSe,"Se2- Sr2+
1.0
0.0 3.151925 3.151925
3.151925 0.0 3.151925
3.151925 3.151925 0.0
Se Sr
1 1
Cartesian
3.151925 3.151925 3.151925 Se2-
0.0 0.0 0.0 Sr2+
",Yes,Correct
89,Y3+,N3-,YN,"N3- Y3+
1.0
2.066432 -3.579166 0.0
2.066432 3.579166 0.0
0.0 0.0 5.960067
N Y
2 2
Cartesian
2.066432 1.193057719444 2.4511311943529996 N3-
2.066432 -1.193057719444 5.431164694353 N3-
2.066432 1.193057719444 5.952563275647 Y3+
2.066432 -1.193057719444 2.9725297756469997 Y3+
",0.00874372587574973,LaN,"La3+ N3-
1.0
2.066432 -3.579166 0.0
2.066432 3.579166 0.0
0.0 0.0 5.960067
La N
2 2
Cartesian
2.066432 1.193057719444 5.952563275647 La3+
2.066432 -1.193057719444 2.9725297756469997 La3+
2.066432 1.193057719444 2.4511311943529996 N3-
2.066432 -1.193057719444 5.431164694353 N3-
",Yes,Incorrect
90,Nb3+,N3-,NbN,"N3- Nb3+
1.0
1.256214 -2.175827 0.0
1.256214 2.175827 0.0
0.0 0.0 7.707265
N Nb
2 2
Cartesian
1.256214 0.7252771172179999 5.78044875 N3-
1.256214 -0.7252771172179999 1.92681625 N3-
1.256214 0.7252771172179999 1.92681625 Nb3+
1.256214 -0.7252771172179999 5.78044875 Nb3+
",0.008925332281957018,BN,"B3+ N3-
1.0
1.256214 -2.175827 0.0
1.256214 2.175827 0.0
0.0 0.0 7.707265
B N
2 2
Cartesian
1.256214 0.7252771172179999 1.92681625 B3+
1.256214 -0.7252771172179999 5.78044875 B3+
1.256214 0.7252771172179999 5.78044875 N3-
1.256214 -0.7252771172179999 1.92681625 N3-
",Yes,Incorrect
91,Mo3+,N3-,MoN,"Mo3+ N3-
1.0
1.256214 -2.175827 0.0
1.256214 2.175827 0.0
0.0 0.0 7.707265
Mo N
2 2
Cartesian
1.256214 0.7252771172179999 1.92681625 Mo3+
1.256214 -0.7252771172179999 5.78044875 Mo3+
1.256214 0.7252771172179999 5.78044875 N3-
1.256214 -0.7252771172179999 1.92681625 N3-
",0.008971353831273274,BN,"B3+ N3-
1.0
1.256214 -2.175827 0.0
1.256214 2.175827 0.0
0.0 0.0 7.707265
B N
2 2
Cartesian
1.256214 0.7252771172179999 1.92681625 B3+
1.256214 -0.7252771172179999 5.78044875 B3+
1.256214 0.7252771172179999 5.78044875 N3-
1.256214 -0.7252771172179999 1.92681625 N3-
",Yes,Incorrect
92,Ru3+,N3-,RuN,"N3- Ru3+
1.0
1.256214 -2.175827 0.0
1.256214 2.175827 0.0
0.0 0.0 7.707265
N Ru
2 2
Cartesian
1.256214 0.7252771172179999 5.78044875 N3-
1.256214 -0.7252771172179999 1.92681625 N3-
1.256214 0.7252771172179999 1.92681625 Ru3+
1.256214 -0.7252771172179999 5.78044875 Ru3+
",0.008986211162406397,BN,"B3+ N3-
1.0
1.256214 -2.175827 0.0
1.256214 2.175827 0.0
0.0 0.0 7.707265
B N
2 2
Cartesian
1.256214 0.7252771172179999 1.92681625 B3+
1.256214 -0.7252771172179999 5.78044875 B3+
1.256214 0.7252771172179999 5.78044875 N3-
1.256214 -0.7252771172179999 1.92681625 N3-
",Yes,Incorrect
93,Rh3+,N3-,RhN,"N3- Rh3+
1.0
1.256214 -2.175827 0.0
1.256214 2.175827 0.0
0.0 0.0 7.707265
N Rh
2 2
Cartesian
1.256214 0.7252771172179999 5.78044875 N3-
1.256214 -0.7252771172179999 1.92681625 N3-
1.256214 0.7252771172179999 1.92681625 Rh3+
1.256214 -0.7252771172179999 5.78044875 Rh3+
",0.009008039719632115,BN,"B3+ N3-
1.0
1.256214 -2.175827 0.0
1.256214 2.175827 0.0
0.0 0.0 7.707265
B N
2 2
Cartesian
1.256214 0.7252771172179999 1.92681625 B3+
1.256214 -0.7252771172179999 5.78044875 B3+
1.256214 0.7252771172179999 5.78044875 N3-
1.256214 -0.7252771172179999 1.92681625 N3-
",Yes,Incorrect
94,Pd2+,O2-,PdO,"O2- Pd2+
1.0
6.844958 0.0 0.0
0.0 6.844958 0.0
0.0 0.0 7.032186
O Pd
8 8
Cartesian
1.33007801377 2.10403741483 5.428081083726 O2-
4.74092058517 1.33007801377 1.911988083726 O2-
2.10403741483 5.5148799862299995 1.911988083726 O2-
5.5148799862299995 4.74092058517 5.428081083726 O2-
5.5148799862299995 4.74092058517 1.6041049162740002 O2-
2.10403741483 5.5148799862299995 5.120197916274 O2-
4.74092058517 1.33007801377 5.120197916274 O2-
1.33007801377 2.10403741483 1.6041049162740002 O2-
3.6273280580660003 5.058622465782 0.0 Pd2+
1.786335534218 3.6273280580660003 3.516093 Pd2+
5.058622465782 3.217629941934 3.516093 Pd2+
3.217629941934 1.786335534218 0.0 Pd2+
3.422479 0.0 3.516093 Pd2+
0.0 3.422479 0.0 Pd2+
0.0 0.0 5.2741395 Pd2+
0.0 0.0 1.7580465 Pd2+
",0.009770390827626447,PdSe,"Pd2+ Se2-
1.0
6.844958 0.0 0.0
0.0 6.844958 0.0
0.0 0.0 7.032186
Pd Se
8 8
Cartesian
3.6273280580660003 5.058622465782 0.0 Pd2+
1.786335534218 3.6273280580660003 3.516093 Pd2+
5.058622465782 3.217629941934 3.516093 Pd2+
3.217629941934 1.786335534218 0.0 Pd2+
3.422479 0.0 3.516093 Pd2+
0.0 3.422479 0.0 Pd2+
0.0 0.0 5.2741395 Pd2+
0.0 0.0 1.7580465 Pd2+
1.33007801377 2.10403741483 5.428081083726 Se2-
4.74092058517 1.33007801377 1.911988083726 Se2-
2.10403741483 5.5148799862299995 1.911988083726 Se2-
5.5148799862299995 4.74092058517 5.428081083726 Se2-
5.5148799862299995 4.74092058517 1.6041049162740002 Se2-
2.10403741483 5.5148799862299995 5.120197916274 Se2-
4.74092058517 1.33007801377 5.120197916274 Se2-
1.33007801377 2.10403741483 1.6041049162740002 Se2-
",Yes,Incorrect
95,Pd2+,S2-,PdS,"Pd2+ S2-
1.0
6.844958 0.0 0.0
0.0 6.844958 0.0
0.0 0.0 7.032186
Pd S
8 8
Cartesian
3.6273280580660003 5.058622465782 0.0 Pd2+
1.786335534218 3.6273280580660003 3.516093 Pd2+
5.058622465782 3.217629941934 3.516093 Pd2+
3.217629941934 1.786335534218 0.0 Pd2+
3.422479 0.0 3.516093 Pd2+
0.0 3.422479 0.0 Pd2+
0.0 0.0 5.2741395 Pd2+
0.0 0.0 1.7580465 Pd2+
1.33007801377 2.10403741483 5.428081083726 S2-
4.74092058517 1.33007801377 1.911988083726 S2-
2.10403741483 5.5148799862299995 1.911988083726 S2-
5.5148799862299995 4.74092058517 5.428081083726 S2-
5.5148799862299995 4.74092058517 1.6041049162740002 S2-
2.10403741483 5.5148799862299995 5.120197916274 S2-
4.74092058517 1.33007801377 5.120197916274 S2-
1.33007801377 2.10403741483 1.6041049162740002 S2-
",0.01027530979332724,PdSe,"Pd2+ Se2-
1.0
6.844958 0.0 0.0
0.0 6.844958 0.0
0.0 0.0 7.032186
Pd Se
8 8
Cartesian
3.6273280580660003 5.058622465782 0.0 Pd2+
1.786335534218 3.6273280580660003 3.516093 Pd2+
5.058622465782 3.217629941934 3.516093 Pd2+
3.217629941934 1.786335534218 0.0 Pd2+
3.422479 0.0 3.516093 Pd2+
0.0 3.422479 0.0 Pd2+
0.0 0.0 5.2741395 Pd2+
0.0 0.0 1.7580465 Pd2+
1.33007801377 2.10403741483 5.428081083726 Se2-
4.74092058517 1.33007801377 1.911988083726 Se2-
2.10403741483 5.5148799862299995 1.911988083726 Se2-
5.5148799862299995 4.74092058517 5.428081083726 Se2-
5.5148799862299995 4.74092058517 1.6041049162740002 Se2-
2.10403741483 5.5148799862299995 5.120197916274 Se2-
4.74092058517 1.33007801377 5.120197916274 Se2-
1.33007801377 2.10403741483 1.6041049162740002 Se2-
",Yes,Correct
96,Pd2+,Se2-,PdSe,"Pd2+ Se2-
1.0
6.524357 0.0 0.0
0.0 6.524357 0.0
0.0 0.0 6.68766
Pd Se
8 8
Cartesian
3.4596903594610002 4.843897940581 0.0 Pd2+
1.680459059419 3.4596903594610002 3.34383 Pd2+
4.843897940581 3.064666640539 3.34383 Pd2+
3.064666640539 1.680459059419 0.0 Pd2+
0.0 0.0 5.015745 Pd2+
0.0 0.0 1.671915 Pd2+
3.2621785 0.0 3.34383 Pd2+
0.0 3.2621785 0.0 Pd2+
1.2621172885790002 2.005091490668 5.16483300438 Se2-
4.5192655093319996 1.2621172885790002 1.82100300438 Se2-
2.005091490668 5.2622397114209996 1.82100300438 Se2-
5.2622397114209996 4.5192655093319996 5.16483300438 Se2-
5.2622397114209996 4.5192655093319996 1.52282699562 Se2-
2.005091490668 5.2622397114209996 4.86665699562 Se2-
4.5192655093319996 1.2621172885790002 4.86665699562 Se2-
1.2621172885790002 2.005091490668 1.52282699562 Se2-
",0.009863154887559336,PdS,"Pd2+ S2-
1.0
6.524357 0.0 0.0
0.0 6.524357 0.0
0.0 0.0 6.68766
Pd S
8 8
Cartesian
3.4596903594610002 4.843897940581 0.0 Pd2+
1.680459059419 3.4596903594610002 3.34383 Pd2+
4.843897940581 3.064666640539 3.34383 Pd2+
3.064666640539 1.680459059419 0.0 Pd2+
0.0 0.0 5.015745 Pd2+
0.0 0.0 1.671915 Pd2+
3.2621785 0.0 3.34383 Pd2+
0.0 3.2621785 0.0 Pd2+
1.2621172885790002 2.005091490668 5.16483300438 S2-
4.5192655093319996 1.2621172885790002 1.82100300438 S2-
2.005091490668 5.2622397114209996 1.82100300438 S2-
5.2622397114209996 4.5192655093319996 5.16483300438 S2-
5.2622397114209996 4.5192655093319996 1.52282699562 S2-
2.005091490668 5.2622397114209996 4.86665699562 S2-
4.5192655093319996 1.2621172885790002 4.86665699562 S2-
1.2621172885790002 2.005091490668 1.52282699562 S2-
",Yes,Correct
97,Ag1+,F1-,AgF,"Ag1+ F1-
1.0
0.0 3.320466 3.320466
3.320466 0.0 3.320466
3.320466 3.320466 0.0
Ag F
1 1
Cartesian
0.0 0.0 0.0 Ag1+
4.980699 4.980699 4.980699 F1-
",0.00986617443171969,AgI,"Ag1+ I1-
1.0
0.0 3.320466 3.320466
3.320466 0.0 3.320466
3.320466 3.320466 0.0
Ag I
1 1
Cartesian
0.0 0.0 0.0 Ag1+
4.980699 4.980699 4.980699 I1-
",Yes,Incorrect
98,Ag1+,Cl1-,AgCl,"Ag1+ Cl1-
1.0
0.0 3.320466 3.320466
3.320466 0.0 3.320466
3.320466 3.320466 0.0
Ag Cl
1 1
Cartesian
0.0 0.0 0.0 Ag1+
4.980699 4.980699 4.980699 Cl1-
",0.01086467162401704,AgI,"Ag1+ I1-
1.0
0.0 3.320466 3.320466
3.320466 0.0 3.320466
3.320466 3.320466 0.0
Ag I
1 1
Cartesian
0.0 0.0 0.0 Ag1+
4.980699 4.980699 4.980699 I1-
",Yes,Incorrect
99,Ag1+,Br1-,AgBr,"Ag1+ Br1-
1.0
0.0 3.320466 3.320466
3.320466 0.0 3.320466
3.320466 3.320466 0.0
Ag Br
1 1
Cartesian
0.0 0.0 0.0 Ag1+
4.980699 4.980699 4.980699 Br1-
",0.011018810265270745,AgI,"Ag1+ I1-
1.0
0.0 3.320466 3.320466
3.320466 0.0 3.320466
3.320466 3.320466 0.0
Ag I
1 1
Cartesian
0.0 0.0 0.0 Ag1+
4.980699 4.980699 4.980699 I1-
",Yes,Incorrect
100,Ag1+,I1-,AgI,"Ag1+ I1-
1.0
0.0 2.925814 2.925814
2.925814 0.0 2.925814
2.925814 2.925814 0.0
Ag I
1 1
Cartesian
0.0 0.0 0.0 Ag1+
2.925814 2.925814 2.925814 I1-
",0.01015424111890689,AgBr,"Ag1+ Br1-
1.0
0.0 2.925814 2.925814
2.925814 0.0 2.925814
2.925814 2.925814 0.0
Ag Br
1 1
Cartesian
0.0 0.0 0.0 Ag1+
2.925814 2.925814 2.925814 Br1-
",Yes,Incorrect
101,Cd2+,O2-,CdO,"Cd2+ O2-
1.0
0.0 3.314524 3.314524
3.314524 0.0 3.314524
3.314524 3.314524 0.0
Cd O
1 1
Cartesian
0.0 0.0 0.0 Cd2+
4.971786 4.971786 4.971786 O2-
",0.010071864031350401,CdTe,"Cd2+ Te2-
1.0
0.0 3.314524 3.314524
3.314524 0.0 3.314524
3.314524 3.314524 0.0
Cd Te
1 1
Cartesian
0.0 0.0 0.0 Cd2+
4.971786 4.971786 4.971786 Te2-
",Yes,Incorrect
102,Cd2+,S2-,CdS,"Cd2+ S2-
1.0
0.0 3.314524 3.314524
3.314524 0.0 3.314524
3.314524 3.314524 0.0
Cd S
1 1
Cartesian
0.0 0.0 0.0 Cd2+
4.971786 4.971786 4.971786 S2-
",0.010930314171398395,CdTe,"Cd2+ Te2-
1.0
0.0 3.314524 3.314524
3.314524 0.0 3.314524
3.314524 3.314524 0.0
Cd Te
1 1
Cartesian
0.0 0.0 0.0 Cd2+
4.971786 4.971786 4.971786 Te2-
",Yes,Incorrect
103,Cd2+,Se2-,CdSe,"Cd2+ Se2-
1.0
0.0 3.314524 3.314524
3.314524 0.0 3.314524
3.314524 3.314524 0.0
Cd Se
1 1
Cartesian
0.0 0.0 0.0 Cd2+
4.971786 4.971786 4.971786 Se2-
",0.011068046026232948,CdTe,"Cd2+ Te2-
1.0
0.0 3.314524 3.314524
3.314524 0.0 3.314524
3.314524 3.314524 0.0
Cd Te
1 1
Cartesian
0.0 0.0 0.0 Cd2+
4.971786 4.971786 4.971786 Te2-
",Yes,Correct
104,Cd2+,Te2-,CdTe,"Cd2+ Te2-
1.0
0.0 3.106417 3.106417
3.106417 0.0 3.106417
3.106417 3.106417 0.0
Cd Te
1 1
Cartesian
0.0 0.0 0.0 Cd2+
4.6596255 4.6596255 4.6596255 Te2-
",0.010224428033381387,CdSe,"Cd2+ Se2-
1.0
0.0 3.106417 3.106417
3.106417 0.0 3.106417
3.106417 3.106417 0.0
Cd Se
1 1
Cartesian
0.0 0.0 0.0 Cd2+
4.6596255 4.6596255 4.6596255 Se2-
",Yes,Correct
105,In3+,N3-,InN,"In3+ N3-
1.0
1.256214 -2.175827 0.0
1.256214 2.175827 0.0
0.0 0.0 7.707265
In N
2 2
Cartesian
1.256214 0.7252771172179999 1.92681625 In3+
1.256214 -0.7252771172179999 5.78044875 In3+
1.256214 0.7252771172179999 5.78044875 N3-
1.256214 -0.7252771172179999 1.92681625 N3-
",0.008826887742457016,BN,"B3+ N3-
1.0
1.256214 -2.175827 0.0
1.256214 2.175827 0.0
0.0 0.0 7.707265
B N
2 2
Cartesian
1.256214 0.7252771172179999 1.92681625 B3+
1.256214 -0.7252771172179999 5.78044875 B3+
1.256214 0.7252771172179999 5.78044875 N3-
1.256214 -0.7252771172179999 1.92681625 N3-
",Yes,Incorrect
106,Cs1+,F1-,CsF,"Cs1+ F1-
1.0
0.0 3.929589 3.929589
3.929589 0.0 3.929589
3.929589 3.929589 0.0
Cs F
1 1
Cartesian
0.0 0.0 0.0 Cs1+
3.929589 3.929589 3.929589 F1-
",0.00986617443171969,CsI,"Cs1+ I1-
1.0
0.0 3.929589 3.929589
3.929589 0.0 3.929589
3.929589 3.929589 0.0
Cs I
1 1
Cartesian
0.0 0.0 0.0 Cs1+
3.929589 3.929589 3.929589 I1-
",Yes,Correct
107,Cs1+,Cl1-,CsCl,"Cl1- Cs1+
1.0
0.0 3.929589 3.929589
3.929589 0.0 3.929589
3.929589 3.929589 0.0
Cl Cs
1 1
Cartesian
3.929589 3.929589 3.929589 Cl1-
0.0 0.0 0.0 Cs1+
",0.01086467162401704,CsI,"Cs1+ I1-
1.0
0.0 3.929589 3.929589
3.929589 0.0 3.929589
3.929589 3.929589 0.0
Cs I
1 1
Cartesian
0.0 0.0 0.0 Cs1+
3.929589 3.929589 3.929589 I1-
",Yes,Correct
108,Cs1+,Br1-,CsBr,"Br1- Cs1+
1.0
0.0 3.929589 3.929589
3.929589 0.0 3.929589
3.929589 3.929589 0.0
Br Cs
1 1
Cartesian
3.929589 3.929589 3.929589 Br1-
0.0 0.0 0.0 Cs1+
",0.011018810265270745,CsI,"Cs1+ I1-
1.0
0.0 3.929589 3.929589
3.929589 0.0 3.929589
3.929589 3.929589 0.0
Cs I
1 1
Cartesian
0.0 0.0 0.0 Cs1+
3.929589 3.929589 3.929589 I1-
",Yes,Correct
109,Cs1+,I1-,CsI,"Cs1+ I1-
1.0
0.0 3.701049 3.701049
3.701049 0.0 3.701049
3.701049 3.701049 0.0
Cs I
1 1
Cartesian
0.0 0.0 0.0 Cs1+
3.701049 3.701049 3.701049 I1-
",0.01015424111890689,CsBr,"Br1- Cs1+
1.0
0.0 3.701049 3.701049
3.701049 0.0 3.701049
3.701049 3.701049 0.0
Br Cs
1 1
Cartesian
3.701049 3.701049 3.701049 Br1-
0.0 0.0 0.0 Cs1+
",Yes,Correct
110,Ba2+,O2-,BaO,"Ba2+ O2-
1.0
0.0 3.544879 3.544879
3.544879 0.0 3.544879
3.544879 3.544879 0.0
Ba O
1 1
Cartesian
0.0 0.0 0.0 Ba2+
3.544879 3.544879 3.544879 O2-
",0.010071864031350401,BaTe,"Ba2+ Te2-
1.0
0.0 3.544879 3.544879
3.544879 0.0 3.544879
3.544879 3.544879 0.0
Ba Te
1 1
Cartesian
0.0 0.0 0.0 Ba2+
3.544879 3.544879 3.544879 Te2-
",Yes,Correct
111,Ba2+,S2-,BaS,"Ba2+ S2-
1.0
0.0 3.544879 3.544879
3.544879 0.0 3.544879
3.544879 3.544879 0.0
Ba S
1 1
Cartesian
0.0 0.0 0.0 Ba2+
3.544879 3.544879 3.544879 S2-
",0.010930314171398395,BaTe,"Ba2+ Te2-
1.0
0.0 3.544879 3.544879
3.544879 0.0 3.544879
3.544879 3.544879 0.0
Ba Te
1 1
Cartesian
0.0 0.0 0.0 Ba2+
3.544879 3.544879 3.544879 Te2-
",Yes,Correct
112,Ba2+,Se2-,BaSe,"Ba2+ Se2-
1.0
0.0 3.544879 3.544879
3.544879 0.0 3.544879
3.544879 3.544879 0.0
Ba Se
1 1
Cartesian
0.0 0.0 0.0 Ba2+
3.544879 3.544879 3.544879 Se2-
",0.011068046026232948,BaTe,"Ba2+ Te2-
1.0
0.0 3.544879 3.544879
3.544879 0.0 3.544879
3.544879 3.544879 0.0
Ba Te
1 1
Cartesian
0.0 0.0 0.0 Ba2+
3.544879 3.544879 3.544879 Te2-
",Yes,Correct
113,Ba2+,Te2-,BaTe,"Ba2+ Te2-
1.0
0.0 3.343309 3.343309
3.343309 0.0 3.343309
3.343309 3.343309 0.0
Ba Te
1 1
Cartesian
0.0 0.0 0.0 Ba2+
3.343309 3.343309 3.343309 Te2-
",0.010224428033381387,BaSe,"Ba2+ Se2-
1.0
0.0 3.343309 3.343309
3.343309 0.0 3.343309
3.343309 3.343309 0.0
Ba Se
1 1
Cartesian
0.0 0.0 0.0 Ba2+
3.343309 3.343309 3.343309 Se2-
",Yes,Correct
114,La3+,N3-,LaN,"La3+ N3-
1.0
0.0 2.52567 2.52567
2.52567 0.0 2.52567
2.52567 2.52567 0.0
La N
1 1
Cartesian
0.0 0.0 0.0 La3+
2.52567 2.52567 2.52567 N3-
",0.008779943359893879,CeN,"Ce3+ N3-
1.0
0.0 2.52567 2.52567
2.52567 0.0 2.52567
2.52567 2.52567 0.0
Ce N
1 1
Cartesian
0.0 0.0 0.0 Ce3+
2.52567 2.52567 2.52567 N3-
",Yes,Incorrect
115,Ce3+,N3-,CeN,"Ce3+ N3-
1.0
2.066432 -3.579166 0.0
2.066432 3.579166 0.0
0.0 0.0 5.960067
Ce N
2 2
Cartesian
2.066432 1.193057719444 5.952563275647 Ce3+
2.066432 -1.193057719444 2.9725297756469997 Ce3+
2.066432 1.193057719444 2.4511311943529996 N3-
2.066432 -1.193057719444 5.431164694353 N3-
",0.008796027525778426,LaN,"La3+ N3-
1.0
2.066432 -3.579166 0.0
2.066432 3.579166 0.0
0.0 0.0 5.960067
La N
2 2
Cartesian
2.066432 1.193057719444 5.952563275647 La3+
2.066432 -1.193057719444 2.9725297756469997 La3+
2.066432 1.193057719444 2.4511311943529996 N3-
2.066432 -1.193057719444 5.431164694353 N3-
",Yes,Incorrect
116,Pr3+,N3-,PrN,"N3- Pr3+
1.0
2.066432 -3.579166 0.0
2.066432 3.579166 0.0
0.0 0.0 5.960067
N Pr
2 2
Cartesian
2.066432 1.193057719444 2.4511311943529996 N3-
2.066432 -1.193057719444 5.431164694353 N3-
2.066432 1.193057719444 5.952563275647 Pr3+
2.066432 -1.193057719444 2.9725297756469997 Pr3+
",0.008785701523892684,LaN,"La3+ N3-
1.0
2.066432 -3.579166 0.0
2.066432 3.579166 0.0
0.0 0.0 5.960067
La N
2 2
Cartesian
2.066432 1.193057719444 5.952563275647 La3+
2.066432 -1.193057719444 2.9725297756469997 La3+
2.066432 1.193057719444 2.4511311943529996 N3-
2.066432 -1.193057719444 5.431164694353 N3-
",Yes,Incorrect
117,Nd3+,N3-,NdN,"N3- Nd3+
1.0
2.066432 -3.579166 0.0
2.066432 3.579166 0.0
0.0 0.0 5.960067
N Nd
2 2
Cartesian
2.066432 1.193057719444 2.4511311943529996 N3-
2.066432 -1.193057719444 5.431164694353 N3-
2.066432 1.193057719444 5.952563275647 Nd3+
2.066432 -1.193057719444 2.9725297756469997 Nd3+
",0.008792159838126623,LaN,"La3+ N3-
1.0
2.066432 -3.579166 0.0
2.066432 3.579166 0.0
0.0 0.0 5.960067
La N
2 2
Cartesian
2.066432 1.193057719444 5.952563275647 La3+
2.066432 -1.193057719444 2.9725297756469997 La3+
2.066432 1.193057719444 2.4511311943529996 N3-
2.066432 -1.193057719444 5.431164694353 N3-
",Yes,Incorrect
118,Nd2+,S2-,NdS,"Nd2+ S2-
1.0
0.0 3.182164 3.182164
3.182164 0.0 3.182164
3.182164 3.182164 0.0
Nd S
1 1
Cartesian
0.0 0.0 0.0 Nd2+
3.182164 3.182164 3.182164 S2-
",0.010930314171398395,NdTe,"Nd2+ Te2-
1.0
0.0 3.182164 3.182164
3.182164 0.0 3.182164
3.182164 3.182164 0.0
Nd Te
1 1
Cartesian
0.0 0.0 0.0 Nd2+
3.182164 3.182164 3.182164 Te2-
",Yes,Correct
119,Nd2+,Se2-,NdSe,"Nd2+ Se2-
1.0
0.0 3.182164 3.182164
3.182164 0.0 3.182164
3.182164 3.182164 0.0
Nd Se
1 1
Cartesian
0.0 0.0 0.0 Nd2+
3.182164 3.182164 3.182164 Se2-
",0.011068046026232948,NdTe,"Nd2+ Te2-
1.0
0.0 3.182164 3.182164
3.182164 0.0 3.182164
3.182164 3.182164 0.0
Nd Te
1 1
Cartesian
0.0 0.0 0.0 Nd2+
3.182164 3.182164 3.182164 Te2-
",Yes,Correct
120,Nd2+,Te2-,NdTe,"Nd2+ Te2-
1.0
0.0 2.992288 2.992288
2.992288 0.0 2.992288
2.992288 2.992288 0.0
Nd Te
1 1
Cartesian
0.0 0.0 0.0 Nd2+
2.992288 2.992288 2.992288 Te2-
",0.010224428033381387,NdSe,"Nd2+ Se2-
1.0
0.0 2.992288 2.992288
2.992288 0.0 2.992288
2.992288 2.992288 0.0
Nd Se
1 1
Cartesian
0.0 0.0 0.0 Nd2+
2.992288 2.992288 2.992288 Se2-
",Yes,Correct
121,Sm3+,N3-,SmN,"N3- Sm3+
1.0
2.066432 -3.579166 0.0
2.066432 3.579166 0.0
0.0 0.0 5.960067
N Sm
2 2
Cartesian
2.066432 1.193057719444 2.4511311943529996 N3-
2.066432 -1.193057719444 5.431164694353 N3-
2.066432 1.193057719444 5.952563275647 Sm3+
2.066432 -1.193057719444 2.9725297756469997 Sm3+
",0.008782497880797881,LaN,"La3+ N3-
1.0
2.066432 -3.579166 0.0
2.066432 3.579166 0.0
0.0 0.0 5.960067
La N
2 2
Cartesian
2.066432 1.193057719444 5.952563275647 La3+
2.066432 -1.193057719444 2.9725297756469997 La3+
2.066432 1.193057719444 2.4511311943529996 N3-
2.066432 -1.193057719444 5.431164694353 N3-
",Yes,Incorrect
122,Sm2+,O2-,SmO,"O2- Sm2+
1.0
0.0 3.142409 3.142409
3.142409 0.0 3.142409
3.142409 3.142409 0.0
O Sm
1 1
Cartesian
3.142409 3.142409 3.142409 O2-
0.0 0.0 0.0 Sm2+
",0.010071864031350401,SmTe,"Sm2+ Te2-
1.0
0.0 3.142409 3.142409
3.142409 0.0 3.142409
3.142409 3.142409 0.0
Sm Te
1 1
Cartesian
0.0 0.0 0.0 Sm2+
3.142409 3.142409 3.142409 Te2-
",Yes,Correct
123,Sm2+,S2-,SmS,"S2- Sm2+
1.0
0.0 3.142409 3.142409
3.142409 0.0 3.142409
3.142409 3.142409 0.0
S Sm
1 1
Cartesian
3.142409 3.142409 3.142409 S2-
0.0 0.0 0.0 Sm2+
",0.010930314171398395,SmTe,"Sm2+ Te2-
1.0
0.0 3.142409 3.142409
3.142409 0.0 3.142409
3.142409 3.142409 0.0
Sm Te
1 1
Cartesian
0.0 0.0 0.0 Sm2+
3.142409 3.142409 3.142409 Te2-
",Yes,Correct
124,Sm2+,Se2-,SmSe,"Se2- Sm2+
1.0
0.0 3.142409 3.142409
3.142409 0.0 3.142409
3.142409 3.142409 0.0
Se Sm
1 1
Cartesian
3.142409 3.142409 3.142409 Se2-
0.0 0.0 0.0 Sm2+
",0.011068046026232948,SmTe,"Sm2+ Te2-
1.0
0.0 3.142409 3.142409
3.142409 0.0 3.142409
3.142409 3.142409 0.0
Sm Te
1 1
Cartesian
0.0 0.0 0.0 Sm2+
3.142409 3.142409 3.142409 Te2-
",Yes,Correct
125,Sm2+,Te2-,SmTe,"Sm2+ Te2-
1.0
0.0 2.951821 2.951821
2.951821 0.0 2.951821
2.951821 2.951821 0.0
Sm Te
1 1
Cartesian
2.951821 2.951821 2.951821 Sm2+
0.0 0.0 0.0 Te2-
",0.010224428033381387,SmSe,"Se2- Sm2+
1.0
0.0 2.951821 2.951821
2.951821 0.0 2.951821
2.951821 2.951821 0.0
Se Sm
1 1
Cartesian
0.0 0.0 0.0 Se2-
2.951821 2.951821 2.951821 Sm2+
",Yes,Correct
126,Eu3+,N3-,EuN,"Eu3+ N3-
1.0
2.066432 -3.579166 0.0
2.066432 3.579166 0.0
0.0 0.0 5.960067
Eu N
2 2
Cartesian
2.066432 1.193057719444 5.952563275647 Eu3+
2.066432 -1.193057719444 2.9725297756469997 Eu3+
2.066432 1.193057719444 2.4511311943529996 N3-
2.066432 -1.193057719444 5.431164694353 N3-
",0.008765622256106765,LaN,"La3+ N3-
1.0
2.066432 -3.579166 0.0
2.066432 3.579166 0.0
0.0 0.0 5.960067
La N
2 2
Cartesian
2.066432 1.193057719444 5.952563275647 La3+
2.066432 -1.193057719444 2.9725297756469997 La3+
2.066432 1.193057719444 2.4511311943529996 N3-
2.066432 -1.193057719444 5.431164694353 N3-
",Yes,Incorrect
127,Eu2+,O2-,EuO,"Eu2+ O2-
1.0
0.0 3.272003 3.272003
3.272003 0.0 3.272003
3.272003 3.272003 0.0
Eu O
1 1
Cartesian
0.0 0.0 0.0 Eu2+
3.272003 3.272003 3.272003 O2-
",0.010071864031350401,EuTe,"Eu2+ Te2-
1.0
0.0 3.272003 3.272003
3.272003 0.0 3.272003
3.272003 3.272003 0.0
Eu Te
1 1
Cartesian
0.0 0.0 0.0 Eu2+
3.272003 3.272003 3.272003 Te2-
",Yes,Correct
128,Eu2+,S2-,EuS,"Eu2+ S2-
1.0
0.0 3.272003 3.272003
3.272003 0.0 3.272003
3.272003 3.272003 0.0
Eu S
1 1
Cartesian
0.0 0.0 0.0 Eu2+
3.272003 3.272003 3.272003 S2-
",0.010930314171398395,EuTe,"Eu2+ Te2-
1.0
0.0 3.272003 3.272003
3.272003 0.0 3.272003
3.272003 3.272003 0.0
Eu Te
1 1
Cartesian
0.0 0.0 0.0 Eu2+
3.272003 3.272003 3.272003 Te2-
",Yes,Correct
129,Eu2+,Se2-,EuSe,"Eu2+ Se2-
1.0
0.0 3.272003 3.272003
3.272003 0.0 3.272003
3.272003 3.272003 0.0
Eu Se
1 1
Cartesian
0.0 0.0 0.0 Eu2+
3.272003 3.272003 3.272003 Se2-
",0.011068046026232948,EuTe,"Eu2+ Te2-
1.0
0.0 3.272003 3.272003
3.272003 0.0 3.272003
3.272003 3.272003 0.0
Eu Te
1 1
Cartesian
0.0 0.0 0.0 Eu2+
3.272003 3.272003 3.272003 Te2-
",Yes,Correct
130,Eu2+,Te2-,EuTe,"Eu2+ Te2-
1.0
0.0 3.073527 3.073527
3.073527 0.0 3.073527
3.073527 3.073527 0.0
Eu Te
1 1
Cartesian
0.0 0.0 0.0 Eu2+
3.073527 3.073527 3.073527 Te2-
",0.010224428033381387,EuSe,"Eu2+ Se2-
1.0
0.0 3.073527 3.073527
3.073527 0.0 3.073527
3.073527 3.073527 0.0
Eu Se
1 1
Cartesian
0.0 0.0 0.0 Eu2+
3.073527 3.073527 3.073527 Se2-
",Yes,Correct
131,Gd3+,N3-,GdN,"Gd3+ N3-
1.0
2.066432 -3.579166 0.0
2.066432 3.579166 0.0
0.0 0.0 5.960067
Gd N
2 2
Cartesian
2.066432 1.193057719444 5.952563275647 Gd3+
2.066432 -1.193057719444 2.9725297756469997 Gd3+
2.066432 1.193057719444 2.4511311943529996 N3-
2.066432 -1.193057719444 5.431164694353 N3-
",0.008760932787102478,LaN,"La3+ N3-
1.0
2.066432 -3.579166 0.0
2.066432 3.579166 0.0
0.0 0.0 5.960067
La N
2 2
Cartesian
2.066432 1.193057719444 5.952563275647 La3+
2.066432 -1.193057719444 2.9725297756469997 La3+
2.066432 1.193057719444 2.4511311943529996 N3-
2.066432 -1.193057719444 5.431164694353 N3-
",Yes,Incorrect
132,Tb3+,N3-,TbN,"N3- Tb3+
1.0
2.066432 -3.579166 0.0
2.066432 3.579166 0.0
0.0 0.0 5.960067
N Tb
2 2
Cartesian
2.066432 1.193057719444 2.4511311943529996 N3-
2.066432 -1.193057719444 5.431164694353 N3-
2.066432 1.193057719444 5.952563275647 Tb3+
2.066432 -1.193057719444 2.9725297756469997 Tb3+
",0.008754170199412837,LaN,"La3+ N3-
1.0
2.066432 -3.579166 0.0
2.066432 3.579166 0.0
0.0 0.0 5.960067
La N
2 2
Cartesian
2.066432 1.193057719444 5.952563275647 La3+
2.066432 -1.193057719444 2.9725297756469997 La3+
2.066432 1.193057719444 2.4511311943529996 N3-
2.066432 -1.193057719444 5.431164694353 N3-
",Yes,Incorrect
133,Dy3+,N3-,DyN,"Dy3+ N3-
1.0
2.066432 -3.579166 0.0
2.066432 3.579166 0.0
0.0 0.0 5.960067
Dy N
2 2
Cartesian
2.066432 1.193057719444 5.952563275647 Dy3+
2.066432 -1.193057719444 2.9725297756469997 Dy3+
2.066432 1.193057719444 2.4511311943529996 N3-
2.066432 -1.193057719444 5.431164694353 N3-
",0.008748591625331372,LaN,"La3+ N3-
1.0
2.066432 -3.579166 0.0
2.066432 3.579166 0.0
0.0 0.0 5.960067
La N
2 2
Cartesian
2.066432 1.193057719444 5.952563275647 La3+
2.066432 -1.193057719444 2.9725297756469997 La3+
2.066432 1.193057719444 2.4511311943529996 N3-
2.066432 -1.193057719444 5.431164694353 N3-
",Yes,Incorrect
134,Dy2+,S2-,DyS,"Dy2+ S2-
1.0
0.0 3.07926 3.07926
3.07926 0.0 3.07926
3.07926 3.07926 0.0
Dy S
1 1
Cartesian
0.0 0.0 0.0 Dy2+
3.07926 3.07926 3.07926 S2-
",0.010930314171398395,DyTe,"Dy2+ Te2-
1.0
0.0 3.07926 3.07926
3.07926 0.0 3.07926
3.07926 3.07926 0.0
Dy Te
1 1
Cartesian
0.0 0.0 0.0 Dy2+
3.07926 3.07926 3.07926 Te2-
",Yes,Correct
135,Dy2+,Se2-,DySe,"Dy2+ Se2-
1.0
0.0 3.07926 3.07926
3.07926 0.0 3.07926
3.07926 3.07926 0.0
Dy Se
1 1
Cartesian
0.0 0.0 0.0 Dy2+
3.07926 3.07926 3.07926 Se2-
",0.011068046026232948,DyTe,"Dy2+ Te2-
1.0
0.0 3.07926 3.07926
3.07926 0.0 3.07926
3.07926 3.07926 0.0
Dy Te
1 1
Cartesian
0.0 0.0 0.0 Dy2+
3.07926 3.07926 3.07926 Te2-
",Yes,Correct
136,Dy2+,Te2-,DyTe,"Dy2+ Te2-
1.0
0.0 2.882396 2.882396
2.882396 0.0 2.882396
2.882396 2.882396 0.0
Dy Te
1 1
Cartesian
0.0 0.0 0.0 Dy2+
2.882396 2.882396 2.882396 Te2-
",0.010224428033381387,DySe,"Dy2+ Se2-
1.0
0.0 2.882396 2.882396
2.882396 0.0 2.882396
2.882396 2.882396 0.0
Dy Se
1 1
Cartesian
0.0 0.0 0.0 Dy2+
2.882396 2.882396 2.882396 Se2-
",Yes,Correct
137,Ho3+,N3-,HoN,"Ho3+ N3-
1.0
2.066432 -3.579166 0.0
2.066432 3.579166 0.0
0.0 0.0 5.960067
Ho N
2 2
Cartesian
2.066432 1.193057719444 5.952563275647 Ho3+
2.066432 -1.193057719444 2.9725297756469997 Ho3+
2.066432 1.193057719444 2.4511311943529996 N3-
2.066432 -1.193057719444 5.431164694353 N3-
",0.008762003247166198,LaN,"La3+ N3-
1.0
2.066432 -3.579166 0.0
2.066432 3.579166 0.0
0.0 0.0 5.960067
La N
2 2
Cartesian
2.066432 1.193057719444 5.952563275647 La3+
2.066432 -1.193057719444 2.9725297756469997 La3+
2.066432 1.193057719444 2.4511311943529996 N3-
2.066432 -1.193057719444 5.431164694353 N3-
",Yes,Incorrect
138,Er3+,N3-,ErN,"Er3+ N3-
1.0
2.066432 -3.579166 0.0
2.066432 3.579166 0.0
0.0 0.0 5.960067
Er N
2 2
Cartesian
2.066432 1.193057719444 5.952563275647 Er3+
2.066432 -1.193057719444 2.9725297756469997 Er3+
2.066432 1.193057719444 2.4511311943529996 N3-
2.066432 -1.193057719444 5.431164694353 N3-
",0.00873655135710769,LaN,"La3+ N3-
1.0
2.066432 -3.579166 0.0
2.066432 3.579166 0.0
0.0 0.0 5.960067
La N
2 2
Cartesian
2.066432 1.193057719444 5.952563275647 La3+
2.066432 -1.193057719444 2.9725297756469997 La3+
2.066432 1.193057719444 2.4511311943529996 N3-
2.066432 -1.193057719444 5.431164694353 N3-
",Yes,Incorrect
139,Tm3+,N3-,TmN,"N3- Tm3+
1.0
2.066432 -3.579166 0.0
2.066432 3.579166 0.0
0.0 0.0 5.960067
N Tm
2 2
Cartesian
2.066432 1.193057719444 2.4511311943529996 N3-
2.066432 -1.193057719444 5.431164694353 N3-
2.066432 1.193057719444 5.952563275647 Tm3+
2.066432 -1.193057719444 2.9725297756469997 Tm3+
",0.00873659789048239,LaN,"La3+ N3-
1.0
2.066432 -3.579166 0.0
2.066432 3.579166 0.0
0.0 0.0 5.960067
La N
2 2
Cartesian
2.066432 1.193057719444 5.952563275647 La3+
2.066432 -1.193057719444 2.9725297756469997 La3+
2.066432 1.193057719444 2.4511311943529996 N3-
2.066432 -1.193057719444 5.431164694353 N3-
",Yes,Incorrect
140,Tm2+,S2-,TmS,"S2- Tm2+
1.0
2.136153 -3.699926 0.0
2.136153 3.699926 0.0
0.0 0.0 7.23654
S Tm
2 2
Cartesian
2.136153 1.2333111332839999 1.809135 S2-
2.136153 -1.2333111332839999 5.427405 S2-
0.0 0.0 3.61827 Tm2+
0.0 0.0 0.0 Tm2+
",0.010930314171398395,TmTe,"Te2- Tm2+
1.0
2.136153 -3.699926 0.0
2.136153 3.699926 0.0
0.0 0.0 7.23654
Te Tm
2 2
Cartesian
2.136153 1.2333111332839999 1.809135 Te2-
2.136153 -1.2333111332839999 5.427405 Te2-
0.0 0.0 3.61827 Tm2+
0.0 0.0 0.0 Tm2+
",Yes,Incorrect
141,Tm2+,Se2-,TmSe,"Se2- Tm2+
1.0
2.136153 -3.699926 0.0
2.136153 3.699926 0.0
0.0 0.0 7.23654
Se Tm
2 2
Cartesian
2.136153 1.2333111332839999 1.809135 Se2-
2.136153 -1.2333111332839999 5.427405 Se2-
0.0 0.0 3.61827 Tm2+
0.0 0.0 0.0 Tm2+
",0.011068046026232948,TmTe,"Te2- Tm2+
1.0
2.136153 -3.699926 0.0
2.136153 3.699926 0.0
0.0 0.0 7.23654
Te Tm
2 2
Cartesian
2.136153 1.2333111332839999 1.809135 Te2-
2.136153 -1.2333111332839999 5.427405 Te2-
0.0 0.0 3.61827 Tm2+
0.0 0.0 0.0 Tm2+
",Yes,Incorrect
142,Tm2+,Te2-,TmTe,"Te2- Tm2+
1.0
0.0 2.839367 2.839367
2.839367 0.0 2.839367
2.839367 2.839367 0.0
Te Tm
1 1
Cartesian
0.0 0.0 0.0 Te2-
2.839367 2.839367 2.839367 Tm2+
",0.010224428033381387,TmSe,"Se2- Tm2+
1.0
0.0 2.839367 2.839367
2.839367 0.0 2.839367
2.839367 2.839367 0.0
Se Tm
1 1
Cartesian
0.0 0.0 0.0 Se2-
2.839367 2.839367 2.839367 Tm2+
",Yes,Incorrect
143,Yb3+,N3-,YbN,"N3- Yb3+
1.0
2.066432 -3.579166 0.0
2.066432 3.579166 0.0
0.0 0.0 5.960067
N Yb
2 2
Cartesian
2.066432 1.193057719444 2.4511311943529996 N3-
2.066432 -1.193057719444 5.431164694353 N3-
2.066432 1.193057719444 5.952563275647 Yb3+
2.066432 -1.193057719444 2.9725297756469997 Yb3+
",0.008724715543274891,LaN,"La3+ N3-
1.0
2.066432 -3.579166 0.0
2.066432 3.579166 0.0
0.0 0.0 5.960067
La N
2 2
Cartesian
2.066432 1.193057719444 5.952563275647 La3+
2.066432 -1.193057719444 2.9725297756469997 La3+
2.066432 1.193057719444 2.4511311943529996 N3-
2.066432 -1.193057719444 5.431164694353 N3-
",Yes,Incorrect
144,Yb2+,O2-,YbO,"O2- Yb2+
1.0
0.0 3.180275 3.180275
3.180275 0.0 3.180275
3.180275 3.180275 0.0
O Yb
1 1
Cartesian
0.0 0.0 0.0 O2-
3.180275 3.180275 3.180275 Yb2+
",0.010071864031350401,YbTe,"Te2- Yb2+
1.0
0.0 3.180275 3.180275
3.180275 0.0 3.180275
3.180275 3.180275 0.0
Te Yb
1 1
Cartesian
0.0 0.0 0.0 Te2-
3.180275 3.180275 3.180275 Yb2+
",Yes,Correct
145,Yb2+,S2-,YbS,"S2- Yb2+
1.0
0.0 3.180275 3.180275
3.180275 0.0 3.180275
3.180275 3.180275 0.0
S Yb
1 1
Cartesian
0.0 0.0 0.0 S2-
3.180275 3.180275 3.180275 Yb2+
",0.010930314171398395,YbTe,"Te2- Yb2+
1.0
0.0 3.180275 3.180275
3.180275 0.0 3.180275
3.180275 3.180275 0.0
Te Yb
1 1
Cartesian
0.0 0.0 0.0 Te2-
3.180275 3.180275 3.180275 Yb2+
",Yes,Correct
146,Yb2+,Se2-,YbSe,"Se2- Yb2+
1.0
0.0 3.180275 3.180275
3.180275 0.0 3.180275
3.180275 3.180275 0.0
Se Yb
1 1
Cartesian
0.0 0.0 0.0 Se2-
3.180275 3.180275 3.180275 Yb2+
",0.011068046026232948,YbTe,"Te2- Yb2+
1.0
0.0 3.180275 3.180275
3.180275 0.0 3.180275
3.180275 3.180275 0.0
Te Yb
1 1
Cartesian
0.0 0.0 0.0 Te2-
3.180275 3.180275 3.180275 Yb2+
",Yes,Correct
147,Yb2+,Te2-,YbTe,"Te2- Yb2+
1.0
0.0 2.957919 2.957919
2.957919 0.0 2.957919
2.957919 2.957919 0.0
Te Yb
1 1
Cartesian
0.0 0.0 0.0 Te2-
2.957919 2.957919 2.957919 Yb2+
",0.010224428033381387,YbSe,"Se2- Yb2+
1.0
0.0 2.957919 2.957919
2.957919 0.0 2.957919
2.957919 2.957919 0.0
Se Yb
1 1
Cartesian
0.0 0.0 0.0 Se2-
2.957919 2.957919 2.957919 Yb2+
",Yes,Correct
148,Lu3+,N3-,LuN,"Lu3+ N3-
1.0
2.066432 -3.579166 0.0
2.066432 3.579166 0.0
0.0 0.0 5.960067
Lu N
2 2
Cartesian
2.066432 1.193057719444 5.952563275647 Lu3+
2.066432 -1.193057719444 2.9725297756469997 Lu3+
2.066432 1.193057719444 2.4511311943529996 N3-
2.066432 -1.193057719444 5.431164694353 N3-
",0.00872572936628905,LaN,"La3+ N3-
1.0
2.066432 -3.579166 0.0
2.066432 3.579166 0.0
0.0 0.0 5.960067
La N
2 2
Cartesian
2.066432 1.193057719444 5.952563275647 La3+
2.066432 -1.193057719444 2.9725297756469997 La3+
2.066432 1.193057719444 2.4511311943529996 N3-
2.066432 -1.193057719444 5.431164694353 N3-
",Yes,Incorrect
149,Ta3+,N3-,TaN,"N3- Ta3+
1.0
1.256214 -2.175827 0.0
1.256214 2.175827 0.0
0.0 0.0 7.707265
N Ta
2 2
Cartesian
1.256214 0.7252771172179999 5.78044875 N3-
1.256214 -0.7252771172179999 1.92681625 N3-
1.256214 0.7252771172179999 1.92681625 Ta3+
1.256214 -0.7252771172179999 5.78044875 Ta3+
",0.008925332281957018,BN,"B3+ N3-
1.0
1.256214 -2.175827 0.0
1.256214 2.175827 0.0
0.0 0.0 7.707265
B N
2 2
Cartesian
1.256214 0.7252771172179999 1.92681625 B3+
1.256214 -0.7252771172179999 5.78044875 B3+
1.256214 0.7252771172179999 5.78044875 N3-
1.256214 -0.7252771172179999 1.92681625 N3-
",Yes,Incorrect
150,Ir3+,N3-,IrN,"Ir3+ N3-
1.0
1.256214 -2.175827 0.0
1.256214 2.175827 0.0
0.0 0.0 7.707265
Ir N
2 2
Cartesian
1.256214 0.7252771172179999 1.92681625 Ir3+
1.256214 -0.7252771172179999 5.78044875 Ir3+
1.256214 0.7252771172179999 5.78044875 N3-
1.256214 -0.7252771172179999 1.92681625 N3-
",0.008986211162406397,BN,"B3+ N3-
1.0
1.256214 -2.175827 0.0
1.256214 2.175827 0.0
0.0 0.0 7.707265
B N
2 2
Cartesian
1.256214 0.7252771172179999 1.92681625 B3+
1.256214 -0.7252771172179999 5.78044875 B3+
1.256214 0.7252771172179999 5.78044875 N3-
1.256214 -0.7252771172179999 1.92681625 N3-
",Yes,Incorrect
151,Hg2+,O2-,HgO,"Hg2+ O2-
1.0
0.0 3.330199 3.330199
3.330199 0.0 3.330199
3.330199 3.330199 0.0
Hg O
1 1
Cartesian
0.0 0.0 0.0 Hg2+
1.6650995 1.6650995 1.6650995 O2-
",0.010071864031350401,HgTe,"Hg2+ Te2-
1.0
0.0 3.330199 3.330199
3.330199 0.0 3.330199
3.330199 3.330199 0.0
Hg Te
1 1
Cartesian
0.0 0.0 0.0 Hg2+
1.6650995 1.6650995 1.6650995 Te2-
",Yes,Incorrect
152,Hg1+,F1-,HgF,"F1- Hg1+
1.0
-2.595266 2.595266 5.904167
2.595266 -2.595266 5.904167
2.595266 2.595266 -5.904167
F Hg
2 2
Cartesian
0.0 0.0 7.705162293346 F1-
0.0 0.0 4.103171706654 F1-
0.0 0.0 10.474535441364 Hg1+
0.0 0.0 1.333798558636 Hg1+
",0.00986617443171969,HgI,"Hg1+ I1-
1.0
-2.595266 2.595266 5.904167
2.595266 -2.595266 5.904167
2.595266 2.595266 -5.904167
Hg I
2 2
Cartesian
0.0 0.0 10.474535441364 Hg1+
0.0 0.0 1.333798558636 Hg1+
0.0 0.0 7.705162293346 I1-
0.0 0.0 4.103171706654 I1-
",Yes,Correct
153,Hg2+,S2-,HgS,"Hg2+ S2-
1.0
0.0 3.330199 3.330199
3.330199 0.0 3.330199
3.330199 3.330199 0.0
Hg S
1 1
Cartesian
0.0 0.0 0.0 Hg2+
1.6650995 1.6650995 1.6650995 S2-
",0.010930314171398395,HgTe,"Hg2+ Te2-
1.0
0.0 3.330199 3.330199
3.330199 0.0 3.330199
3.330199 3.330199 0.0
Hg Te
1 1
Cartesian
0.0 0.0 0.0 Hg2+
1.6650995 1.6650995 1.6650995 Te2-
",Yes,Correct
154,Hg1+,Cl1-,HgCl,"Cl1- Hg1+
1.0
-2.595266 2.595266 5.904167
2.595266 -2.595266 5.904167
2.595266 2.595266 -5.904167
Cl Hg
2 2
Cartesian
0.0 0.0 7.705162293346 Cl1-
0.0 0.0 4.103171706654 Cl1-
0.0 0.0 10.474535441364 Hg1+
0.0 0.0 1.333798558636 Hg1+
",0.01086467162401704,HgI,"Hg1+ I1-
1.0
-2.595266 2.595266 5.904167
2.595266 -2.595266 5.904167
2.595266 2.595266 -5.904167
Hg I
2 2
Cartesian
0.0 0.0 10.474535441364 Hg1+
0.0 0.0 1.333798558636 Hg1+
0.0 0.0 7.705162293346 I1-
0.0 0.0 4.103171706654 I1-
",Yes,Correct
155,Hg2+,Se2-,HgSe,"Hg2+ Se2-
1.0
0.0 3.330199 3.330199
3.330199 0.0 3.330199
3.330199 3.330199 0.0
Hg Se
1 1
Cartesian
0.0 0.0 0.0 Hg2+
1.6650995 1.6650995 1.6650995 Se2-
",0.011068046026232948,HgTe,"Hg2+ Te2-
1.0
0.0 3.330199 3.330199
3.330199 0.0 3.330199
3.330199 3.330199 0.0
Hg Te
1 1
Cartesian
0.0 0.0 0.0 Hg2+
1.6650995 1.6650995 1.6650995 Te2-
",Yes,Correct
156,Hg1+,Br1-,HgBr,"Br1- Hg1+
1.0
-2.595266 2.595266 5.904167
2.595266 -2.595266 5.904167
2.595266 2.595266 -5.904167
Br Hg
2 2
Cartesian
0.0 0.0 7.705162293346 Br1-
0.0 0.0 4.103171706654 Br1-
0.0 0.0 10.474535441364 Hg1+
0.0 0.0 1.333798558636 Hg1+
",0.011018810265270745,HgI,"Hg1+ I1-
1.0
-2.595266 2.595266 5.904167
2.595266 -2.595266 5.904167
2.595266 2.595266 -5.904167
Hg I
2 2
Cartesian
0.0 0.0 10.474535441364 Hg1+
0.0 0.0 1.333798558636 Hg1+
0.0 0.0 7.705162293346 I1-
0.0 0.0 4.103171706654 I1-
",Yes,Correct
157,Hg2+,Te2-,HgTe,"Hg2+ Te2-
1.0
0.0 3.137141 3.137141
3.137141 0.0 3.137141
3.137141 3.137141 0.0
Hg Te
1 1
Cartesian
0.0 0.0 0.0 Hg2+
4.7057115000000005 4.7057115000000005 4.7057115000000005 Te2-
",0.010224428033381387,HgSe,"Hg2+ Se2-
1.0
0.0 3.137141 3.137141
3.137141 0.0 3.137141
3.137141 3.137141 0.0
Hg Se
1 1
Cartesian
0.0 0.0 0.0 Hg2+
4.7057115000000005 4.7057115000000005 4.7057115000000005 Se2-
",Yes,Correct
158,Hg1+,I1-,HgI,"Hg1+ I1-
1.0
-2.480293 2.480293 5.668254
2.480293 -2.480293 5.668254
2.480293 2.480293 -5.668254
Hg I
2 2
Cartesian
0.0 0.0 10.022096579940001 Hg1+
0.0 0.0 1.3144114200600001 Hg1+
0.0 0.0 7.445863800432001 I1-
0.0 0.0 3.890644199568 I1-
",0.01015424111890689,HgBr,"Br1- Hg1+
1.0
-2.480293 2.480293 5.668254
2.480293 -2.480293 5.668254
2.480293 2.480293 -5.668254
Br Hg
2 2
Cartesian
0.0 0.0 7.445863800432001 Br1-
0.0 0.0 3.890644199568 Br1-
0.0 0.0 10.022096579940001 Hg1+
0.0 0.0 1.3144114200600001 Hg1+
",Yes,Correct
159,Tl3+,N3-,TlN,"N3- Tl3+
1.0
2.88614 -4.998941 0.0
2.88614 4.998941 0.0
0.0 0.0 5.678102
N Tl
8 8
Cartesian
1.44005975598 0.831418868179 5.634312477376 N3-
1.44005975598 -0.831418868179 2.795261477376 N3-
4.33222024402 -0.831418868179 2.795261477376 N3-
2.88614 -3.3361032636420003 2.795261477376 N3-
2.88614 -1.6663169992940003 0.125588260036 N3-
2.88614 3.3361032636420003 5.634312477376 N3-
4.33222024402 0.831418868179 5.634312477376 N3-
2.88614 1.6663169992940003 2.964639260036 N3-
2.88614 -0.12244406085399984 4.245130754463999 Tl3+
1.54911255588 2.438243470632 1.406079754464 Tl3+
4.22316744412 2.4382434706319995 1.406079754464 Tl3+
1.54911255588 -2.438243470632 4.245130754463999 Tl3+
2.88614 0.12244406085399984 1.406079754464 Tl3+
4.22316744412 -2.4382434706319995 4.245130754463999 Tl3+
0.0 0.0 1.465643044444 Tl3+
0.0 0.0 4.304694044444 Tl3+
",0.008678899381970319,MoN,"Mo3+ N3-
1.0
2.88614 -4.998941 0.0
2.88614 4.998941 0.0
0.0 0.0 5.678102
Mo N
8 8
Cartesian
2.88614 -0.12244406085399984 4.245130754463999 Mo3+
1.54911255588 2.438243470632 1.406079754464 Mo3+
4.22316744412 2.4382434706319995 1.406079754464 Mo3+
1.54911255588 -2.438243470632 4.245130754463999 Mo3+
2.88614 0.12244406085399984 1.406079754464 Mo3+
4.22316744412 -2.4382434706319995 4.245130754463999 Mo3+
0.0 0.0 1.465643044444 Mo3+
0.0 0.0 4.304694044444 Mo3+
1.44005975598 0.831418868179 5.634312477376 N3-
1.44005975598 -0.831418868179 2.795261477376 N3-
4.33222024402 -0.831418868179 2.795261477376 N3-
2.88614 -3.3361032636420003 2.795261477376 N3-
2.88614 -1.6663169992940003 0.125588260036 N3-
2.88614 3.3361032636420003 5.634312477376 N3-
4.33222024402 0.831418868179 5.634312477376 N3-
2.88614 1.6663169992940003 2.964639260036 N3-
",Yes,Incorrect
160,Tl1+,F1-,TlF,"F1- Tl1+
1.0
0.0 3.569052 3.569052
3.569052 0.0 3.569052
3.569052 3.569052 0.0
F Tl
1 1
Cartesian
3.569052 3.569052 3.569052 F1-
0.0 0.0 0.0 Tl1+
",0.00986617443171969,TlI,"I1- Tl1+
1.0
0.0 3.569052 3.569052
3.569052 0.0 3.569052
3.569052 3.569052 0.0
I Tl
1 1
Cartesian
3.569052 3.569052 3.569052 I1-
0.0 0.0 0.0 Tl1+
",Yes,Incorrect
161,Tl1+,Cl1-,TlCl,"Cl1- Tl1+
1.0
0.0 3.569052 3.569052
3.569052 0.0 3.569052
3.569052 3.569052 0.0
Cl Tl
1 1
Cartesian
3.569052 3.569052 3.569052 Cl1-
0.0 0.0 0.0 Tl1+
",0.01086467162401704,TlI,"I1- Tl1+
1.0
0.0 3.569052 3.569052
3.569052 0.0 3.569052
3.569052 3.569052 0.0
I Tl
1 1
Cartesian
3.569052 3.569052 3.569052 I1-
0.0 0.0 0.0 Tl1+
",Yes,Correct
162,Tl1+,Br1-,TlBr,"Br1- Tl1+
1.0
0.0 3.569052 3.569052
3.569052 0.0 3.569052
3.569052 3.569052 0.0
Br Tl
1 1
Cartesian
3.569052 3.569052 3.569052 Br1-
0.0 0.0 0.0 Tl1+
",0.011018810265270745,TlI,"I1- Tl1+
1.0
0.0 3.569052 3.569052
3.569052 0.0 3.569052
3.569052 3.569052 0.0
I Tl
1 1
Cartesian
3.569052 3.569052 3.569052 I1-
0.0 0.0 0.0 Tl1+
",Yes,Correct
163,Tl1+,I1-,TlI,"I1- Tl1+
1.0
0.0 3.390545 3.390545
3.390545 0.0 3.390545
3.390545 3.390545 0.0
I Tl
1 1
Cartesian
3.390545 3.390545 3.390545 I1-
0.0 0.0 0.0 Tl1+
",0.01015424111890689,TlBr,"Br1- Tl1+
1.0
0.0 3.390545 3.390545
3.390545 0.0 3.390545
3.390545 3.390545 0.0
Br Tl
1 1
Cartesian
3.390545 3.390545 3.390545 Br1-
0.0 0.0 0.0 Tl1+
",Yes,Correct
164,Pb2+,O2-,PbO,"O2- Pb2+
1.0
0.0 3.282837 3.282837
3.282837 0.0 3.282837
3.282837 3.282837 0.0
O Pb
1 1
Cartesian
3.282837 3.282837 3.282837 O2-
0.0 0.0 0.0 Pb2+
",0.010071864031350401,TePb,"Pb2+ Te2-
1.0
0.0 3.282837 3.282837
3.282837 0.0 3.282837
3.282837 3.282837 0.0
Pb Te
1 1
Cartesian
0.0 0.0 0.0 Pb2+
3.282837 3.282837 3.282837 Te2-
",Yes,Incorrect
165,Pb2+,S2-,PbS,"Pb2+ S2-
1.0
0.0 3.282837 3.282837
3.282837 0.0 3.282837
3.282837 3.282837 0.0
Pb S
1 1
Cartesian
0.0 0.0 0.0 Pb2+
3.282837 3.282837 3.282837 S2-
",0.010930314171398395,TePb,"Pb2+ Te2-
1.0
0.0 3.282837 3.282837
3.282837 0.0 3.282837
3.282837 3.282837 0.0
Pb Te
1 1
Cartesian
0.0 0.0 0.0 Pb2+
3.282837 3.282837 3.282837 Te2-
",Yes,Correct
166,Pb2+,Se2-,PbSe,"Pb2+ Se2-
1.0
0.0 3.282837 3.282837
3.282837 0.0 3.282837
3.282837 3.282837 0.0
Pb Se
1 1
Cartesian
0.0 0.0 0.0 Pb2+
3.282837 3.282837 3.282837 Se2-
",0.011068046026232948,TePb,"Pb2+ Te2-
1.0
0.0 3.282837 3.282837
3.282837 0.0 3.282837
3.282837 3.282837 0.0
Pb Te
1 1
Cartesian
0.0 0.0 0.0 Pb2+
3.282837 3.282837 3.282837 Te2-
",Yes,Correct
167,Pb2+,Te2-,TePb,"Pb2+ Te2-
1.0
0.0 3.111606 3.111606
3.111606 0.0 3.111606
3.111606 3.111606 0.0
Pb Te
1 1
Cartesian
3.111606 3.111606 3.111606 Pb2+
0.0 0.0 0.0 Te2-
",0.010224428033381387,PbSe,"Pb2+ Se2-
1.0
0.0 3.111606 3.111606
3.111606 0.0 3.111606
3.111606 3.111606 0.0
Pb Se
1 1
Cartesian
3.111606 3.111606 3.111606 Pb2+
0.0 0.0 0.0 Se2-
",Yes,Correct
